assignment_id,route_id,driver_id,vehicle_id,scheduled_start,scheduled_end,predicted_fuel_l,predicted_co2_kg,predicted_duration_min,status,created_at,updated_at
A000001,R000199,d0071,v0144,2025-11-14T08:00:00,2025-11-14T08:20:00,2.667,5.067,20.25,started,2025-11-13T11:09:22.807958,2025-11-13T11:09:22.807962
A000002,R001173,d0021,v0028,2025-11-14T08:15:00,2025-11-14T10:13:00,10.408,27.893,118.27,started,2025-11-13T11:09:22.809332,2025-11-13T11:09:22.809336
A000003,R000235,d0080,v0088,2025-11-14T08:30:00,2025-11-14T09:07:00,2.178,5.031,37.35,assigned,2025-11-13T11:09:22.810449,2025-11-13T11:09:22.810452
A000004,R000566,d0156,v0086,2025-11-14T08:45:00,2025-11-14T09:57:00,4.568,12.242,72.91,started,2025-11-13T11:09:22.811470,2025-11-13T11:09:22.811473
A000005,R001100,d0144,v0078,2025-11-14T09:00:00,2025-11-14T09:41:00,5.344,12.345,41.09,completed,2025-11-13T11:09:22.812545,2025-11-13T11:09:22.812548
A000006,R000169,d0151,v0042,2025-11-14T09:15:00,2025-11-14T10:50:00,8.799,23.581,95.59,started,2025-11-13T11:09:22.813577,2025-11-13T11:09:22.813580
A000007,R001161,d0040,v0096,2025-11-14T09:30:00,2025-11-14T09:49:00,1.678,3.876,19.51,started,2025-11-13T11:09:22.814594,2025-11-13T11:09:22.814597
A000008,R000168,d0154,v0064,2025-11-14T09:45:00,2025-11-14T12:11:00,12.879,34.516,146.25,started,2025-11-13T11:09:22.815585,2025-11-13T11:09:22.815588
A000009,R001087,d0037,v0037,2025-11-14T10:00:00,2025-11-14T11:15:00,11.998,32.155,75.46,started,2025-11-13T11:09:22.816635,2025-11-13T11:09:22.816639
A000010,R001166,d0131,v0086,2025-11-14T10:15:00,2025-11-14T10:34:00,1.438,3.854,19.9,started,2025-11-13T11:09:22.817636,2025-11-13T11:09:22.817639
A000011,R000980,d0011,v0007,2025-11-14T10:30:00,2025-11-14T11:05:00,4.131,11.071,35.58,completed,2025-11-13T11:09:22.818586,2025-11-13T11:09:22.818589
A000012,R001058,d0148,v0050,2025-11-14T10:45:00,2025-11-14T12:06:00,4.301,11.527,81.29,assigned,2025-11-13T11:09:22.819554,2025-11-13T11:09:22.819557
A000013,R000898,d0037,v0021,2025-11-14T11:00:00,2025-11-14T11:45:00,1.923,3.654,45.94,completed,2025-11-13T11:09:22.820793,2025-11-13T11:09:22.820796
A000014,R000629,d0044,v0049,2025-11-14T11:15:00,2025-11-14T11:36:00,4.291,11.5,21.54,assigned,2025-11-13T11:09:22.821846,2025-11-13T11:09:22.821849
A000015,R000657,d0087,v0144,2025-11-14T11:30:00,2025-11-14T13:18:00,8.678,16.488,108.03,started,2025-11-13T11:09:22.822859,2025-11-13T11:09:22.822864
A000016,R000153,d0126,v0113,2025-11-14T11:45:00,2025-11-14T14:13:00,9.967,23.024,148.01,assigned,2025-11-13T11:09:22.823882,2025-11-13T11:09:22.823885
A000017,R000042,d0047,v0029,2025-11-14T12:00:00,2025-11-14T12:37:00,5.082,9.656,37.4,assigned,2025-11-13T11:09:22.825004,2025-11-13T11:09:22.825009
A000018,R000499,d0124,v0031,2025-11-14T12:15:00,2025-11-14T12:49:00,2.54,4.826,34.12,completed,2025-11-13T11:09:22.825983,2025-11-13T11:09:22.825986
A000019,R000886,d0125,v0137,2025-11-14T12:30:00,2025-11-14T14:05:00,7.704,20.647,95.34,started,2025-11-13T11:09:22.826901,2025-11-13T11:09:22.826905
A000020,R001114,d0087,v0029,2025-11-14T12:45:00,2025-11-14T13:26:00,2.624,4.986,41.35,completed,2025-11-13T11:09:22.827856,2025-11-13T11:09:22.827859
A000021,R000116,d0074,v0089,2025-11-14T13:00:00,2025-11-14T14:58:00,12.722,29.388,118.89,completed,2025-11-13T11:09:22.828892,2025-11-13T11:09:22.828896
A000022,R000274,d0118,v0121,2025-11-14T13:15:00,2025-11-14T14:43:00,4.085,10.948,88.73,completed,2025-11-13T11:09:22.829857,2025-11-13T11:09:22.829862
A000023,R000064,d0047,v0046,2025-11-14T13:30:00,2025-11-14T13:37:00,0.533,1.231,7.28,assigned,2025-11-13T11:09:22.830834,2025-11-13T11:09:22.830837
A000024,R000239,d0163,v0104,2025-11-14T13:45:00,2025-11-14T14:44:00,10.957,25.311,59.32,started,2025-11-13T11:09:22.831823,2025-11-13T11:09:22.831826
A000025,R000653,d0050,v0018,2025-11-14T14:00:00,2025-11-14T14:56:00,3.816,8.815,56.94,assigned,2025-11-13T11:09:22.832864,2025-11-13T11:09:22.832869
A000026,R001058,d0168,v0067,2025-11-14T14:15:00,2025-11-14T15:36:00,10.167,27.248,81.29,completed,2025-11-13T11:09:22.833907,2025-11-13T11:09:22.833910
A000027,R000826,d0032,v0077,2025-11-14T14:30:00,2025-11-14T15:01:00,3.395,7.842,31.34,assigned,2025-11-13T11:09:22.834916,2025-11-13T11:09:22.834919
A000028,R000732,d0072,v0065,2025-11-14T14:45:00,2025-11-14T17:07:00,6.212,14.35,142.32,completed,2025-11-13T11:09:22.835916,2025-11-13T11:09:22.835919
A000029,R000923,d0011,v0088,2025-11-14T15:00:00,2025-11-14T15:58:00,2.962,6.842,58.49,started,2025-11-13T11:09:22.836980,2025-11-13T11:09:22.836983
A000030,R000594,d0006,v0015,2025-11-14T15:15:00,2025-11-14T16:57:00,7.87,18.18,102.32,started,2025-11-13T11:09:22.837963,2025-11-13T11:09:22.837966
A000031,R000048,d0119,v0133,2025-11-14T15:30:00,2025-11-14T17:29:00,5.683,10.798,119.01,completed,2025-11-13T11:09:22.838956,2025-11-13T11:09:22.838959
A000032,R000436,d0150,v0086,2025-11-14T15:45:00,2025-11-14T16:34:00,1.95,5.226,49.56,assigned,2025-11-13T11:09:22.839921,2025-11-13T11:09:22.839924
A000033,R000713,d0109,v0015,2025-11-14T16:00:00,2025-11-14T16:38:00,3.091,7.14,38.09,started,2025-11-13T11:09:22.840964,2025-11-13T11:09:22.840967
A000034,R001156,d0159,v0150,2025-11-14T16:15:00,2025-11-14T18:52:00,14.396,38.581,157.92,started,2025-11-13T11:09:22.841916,2025-11-13T11:09:22.841921
A000035,R000801,d0176,v0113,2025-11-14T16:30:00,2025-11-14T18:07:00,8.257,19.074,97.97,started,2025-11-13T11:09:22.842874,2025-11-13T11:09:22.842877
A000036,R000291,d0027,v0060,2025-11-14T16:45:00,2025-11-14T17:06:00,3.69,7.011,21.67,completed,2025-11-13T11:09:22.843897,2025-11-13T11:09:22.843900
A000037,R000306,d0165,v0020,2025-11-14T17:00:00,2025-11-14T18:09:00,4.067,7.727,69.98,completed,2025-11-13T11:09:22.844982,2025-11-13T11:09:22.844985
A000038,R000692,d0179,v0087,2025-11-14T17:15:00,2025-11-14T19:26:00,4.163,11.157,131.31,assigned,2025-11-13T11:09:22.845975,2025-11-13T11:09:22.845978
A000039,R001072,d0024,v0026,2025-11-14T17:30:00,2025-11-14T18:52:00,17.018,45.608,82.59,completed,2025-11-13T11:09:22.846952,2025-11-13T11:09:22.846955
A000040,R000995,d0030,v0082,2025-11-14T17:45:00,2025-11-14T20:39:00,9.321,21.532,174.8,started,2025-11-13T11:09:22.847924,2025-11-13T11:09:22.847927
A000041,R000053,d0199,v0061,2025-11-14T18:00:00,2025-11-14T19:20:00,4.776,12.8,80.88,started,2025-11-13T11:09:22.849002,2025-11-13T11:09:22.849005
A000042,R000461,d0083,v0061,2025-11-14T18:15:00,2025-11-14T18:29:00,0.832,2.23,14.13,completed,2025-11-13T11:09:22.849987,2025-11-13T11:09:22.849990
A000043,R000135,d0092,v0135,2025-11-14T18:30:00,2025-11-14T19:54:00,10.936,25.262,84.0,started,2025-11-13T11:09:22.851318,2025-11-13T11:09:22.851322
A000044,R000007,d0056,v0085,2025-11-14T18:45:00,2025-11-14T20:16:00,4.474,10.335,91.87,assigned,2025-11-13T11:09:22.852630,2025-11-13T11:09:22.852634
A000045,R000239,d0070,v0034,2025-11-14T19:00:00,2025-11-14T19:59:00,7.599,17.554,59.32,completed,2025-11-13T11:09:22.853599,2025-11-13T11:09:22.853602
A000046,R001010,d0113,v0042,2025-11-14T19:15:00,2025-11-14T19:34:00,4.798,12.859,19.18,assigned,2025-11-13T11:09:22.854518,2025-11-13T11:09:22.854521
A000047,R000052,d0161,v0136,2025-11-14T19:30:00,2025-11-14T19:35:00,0.358,0.827,5.36,assigned,2025-11-13T11:09:22.855442,2025-11-13T11:09:22.855445
A000048,R000264,d0067,v0095,2025-11-14T19:45:00,2025-11-14T20:23:00,4.958,13.287,38.97,completed,2025-11-13T11:09:22.856384,2025-11-13T11:09:22.856389
A000049,R000627,d0191,v0146,2025-11-14T20:00:00,2025-11-14T21:08:00,13.539,31.275,68.22,started,2025-11-13T11:09:22.857309,2025-11-13T11:09:22.857313
A000050,R000193,d0181,v0004,2025-11-14T20:15:00,2025-11-14T20:27:00,1.1,2.541,12.53,completed,2025-11-13T11:09:22.858207,2025-11-13T11:09:22.858210
A000051,R001134,d0086,v0049,2025-11-14T20:30:00,2025-11-14T20:43:00,3.125,8.375,13.58,completed,2025-11-13T11:09:22.859091,2025-11-13T11:09:22.859093
A000052,R000827,d0045,v0102,2025-11-14T20:45:00,2025-11-14T21:36:00,4.336,8.238,51.9,completed,2025-11-13T11:09:22.859995,2025-11-13T11:09:22.859998
A000053,R000345,d0181,v0088,2025-11-14T21:00:00,2025-11-14T22:15:00,4.476,10.34,75.77,assigned,2025-11-13T11:09:22.860997,2025-11-13T11:09:22.860999
A000054,R000096,d0125,v0103,2025-11-14T21:15:00,2025-11-14T22:43:00,4.292,8.155,88.3,completed,2025-11-13T11:09:22.861897,2025-11-13T11:09:22.861900
A000055,R000426,d0137,v0113,2025-11-14T21:30:00,2025-11-14T22:59:00,4.956,11.448,89.79,started,2025-11-13T11:09:22.862830,2025-11-13T11:09:22.862834
A000056,R001094,d0113,v0047,2025-11-14T21:45:00,2025-11-14T22:46:00,6.33,14.622,61.88,started,2025-11-13T11:09:22.863759,2025-11-13T11:09:22.863762
A000057,R000799,d0016,v0021,2025-11-14T22:00:00,2025-11-14T23:16:00,2.921,5.55,76.47,assigned,2025-11-13T11:09:22.864830,2025-11-13T11:09:22.864832
A000058,R001065,d0067,v0131,2025-11-14T22:15:00,2025-11-15T00:08:00,7.588,20.336,113.59,completed,2025-11-13T11:09:22.865789,2025-11-13T11:09:22.865792
A000059,R000126,d0122,v0001,2025-11-14T22:30:00,2025-11-15T00:56:00,6.616,12.57,146.95,started,2025-11-13T11:09:22.866754,2025-11-13T11:09:22.866758
A000060,R000157,d0042,v0074,2025-11-14T22:45:00,2025-11-14T23:32:00,3.444,6.544,47.92,completed,2025-11-13T11:09:22.867686,2025-11-13T11:09:22.867690
A000061,R001041,d0115,v0143,2025-11-14T23:00:00,2025-11-15T01:22:00,4.806,9.131,142.16,assigned,2025-11-13T11:09:22.868939,2025-11-13T11:09:22.868942
A000062,R000528,d0079,v0061,2025-11-14T23:15:00,2025-11-15T00:10:00,2.519,6.751,55.44,assigned,2025-11-13T11:09:22.869904,2025-11-13T11:09:22.869907
A000063,R000227,d0021,v0023,2025-11-14T23:30:00,2025-11-14T23:59:00,3.709,8.568,29.18,completed,2025-11-13T11:09:22.870915,2025-11-13T11:09:22.870918
A000064,R000602,d0065,v0062,2025-11-14T23:45:00,2025-11-15T01:01:00,4.968,11.476,76.25,assigned,2025-11-13T11:09:22.871923,2025-11-13T11:09:22.871928
A000065,R000510,d0188,v0117,2025-11-15T00:00:00,2025-11-15T01:42:00,6.834,15.787,102.22,assigned,2025-11-13T11:09:22.872968,2025-11-13T11:09:22.872973
A000066,R000398,d0125,v0119,2025-11-15T00:15:00,2025-11-15T00:53:00,2.728,5.183,38.15,assigned,2025-11-13T11:09:22.873975,2025-11-13T11:09:22.873978
A000067,R000248,d0026,v0063,2025-11-15T00:30:00,2025-11-15T01:50:00,3.999,10.717,80.6,completed,2025-11-13T11:09:22.874973,2025-11-13T11:09:22.874976
A000068,R001070,d0102,v0140,2025-11-15T00:45:00,2025-11-15T01:52:00,2.52,5.821,67.11,started,2025-11-13T11:09:22.875946,2025-11-13T11:09:22.875949
A000069,R000453,d0075,v0048,2025-11-15T01:00:00,2025-11-15T03:06:00,10.797,20.514,126.8,assigned,2025-11-13T11:09:22.877023,2025-11-13T11:09:22.877027
A000070,R000025,d0094,v0137,2025-11-15T01:15:00,2025-11-15T02:09:00,11.262,30.182,54.42,assigned,2025-11-13T11:09:22.877971,2025-11-13T11:09:22.877974
A000071,R000516,d0092,v0120,2025-11-15T01:30:00,2025-11-15T03:09:00,11.759,22.342,99.86,started,2025-11-13T11:09:22.878892,2025-11-13T11:09:22.878895
A000072,R000821,d0173,v0140,2025-11-15T01:45:00,2025-11-15T03:01:00,5.594,12.922,76.98,completed,2025-11-13T11:09:22.879896,2025-11-13T11:09:22.879899
A000073,R000149,d0165,v0088,2025-11-15T02:00:00,2025-11-15T03:58:00,5.403,12.481,118.17,started,2025-11-13T11:09:22.880947,2025-11-13T11:09:22.880950
A000074,R000389,d0036,v0017,2025-11-15T02:15:00,2025-11-15T02:35:00,1.142,3.061,20.96,assigned,2025-11-13T11:09:22.881985,2025-11-13T11:09:22.881989
A000075,R000446,d0105,v0075,2025-11-15T02:30:00,2025-11-15T02:42:00,4.18,11.202,12.88,started,2025-11-13T11:09:22.882971,2025-11-13T11:09:22.882974
A000076,R000692,d0191,v0095,2025-11-15T02:45:00,2025-11-15T04:56:00,5.277,14.142,131.31,completed,2025-11-13T11:09:22.884003,2025-11-13T11:09:22.884008
A000077,R000428,d0068,v0068,2025-11-15T03:00:00,2025-11-15T04:49:00,12.232,32.782,109.37,started,2025-11-13T11:09:22.885086,2025-11-13T11:09:22.885089
A000078,R001050,d0119,v0053,2025-11-15T03:15:00,2025-11-15T03:42:00,1.063,2.456,27.82,completed,2025-11-13T11:09:22.886028,2025-11-13T11:09:22.886031
A000079,R000564,d0004,v0082,2025-11-15T03:30:00,2025-11-15T04:52:00,7.088,16.373,82.51,assigned,2025-11-13T11:09:22.887003,2025-11-13T11:09:22.887007
A000080,R001027,d0170,v0003,2025-11-15T03:45:00,2025-11-15T03:55:00,0.408,0.942,10.6,completed,2025-11-13T11:09:22.888247,2025-11-13T11:09:22.888252
A000081,R000917,d0057,v0091,2025-11-15T04:00:00,2025-11-15T04:42:00,2.973,6.868,42.65,started,2025-11-13T11:09:22.889561,2025-11-13T11:09:22.889565
A000082,R001063,d0115,v0090,2025-11-15T04:15:00,2025-11-15T04:35:00,0.822,1.562,20.27,completed,2025-11-13T11:09:22.890836,2025-11-13T11:09:22.890840
A000083,R000092,d0080,v0062,2025-11-15T04:30:00,2025-11-15T04:45:00,0.707,1.633,15.8,assigned,2025-11-13T11:09:22.892116,2025-11-13T11:09:22.892120
A000084,R000044,d0052,v0068,2025-11-15T04:45:00,2025-11-15T06:34:00,8.903,23.86,109.45,completed,2025-11-13T11:09:22.893502,2025-11-13T11:09:22.893507
A000085,R000115,d0165,v0068,2025-11-15T05:00:00,2025-11-15T05:27:00,2.937,7.871,27.65,completed,2025-11-13T11:09:22.894873,2025-11-13T11:09:22.894877
A000086,R000570,d0199,v0125,2025-11-15T05:15:00,2025-11-15T06:40:00,1.726,4.626,85.43,completed,2025-11-13T11:09:22.896318,2025-11-13T11:09:22.896338
A000087,R000477,d0153,v0138,2025-11-15T05:30:00,2025-11-15T06:19:00,6.772,12.867,49.42,started,2025-11-13T11:09:22.897552,2025-11-13T11:09:22.897555
A000088,R000964,d0114,v0038,2025-11-15T05:45:00,2025-11-15T06:44:00,5.767,10.957,59.35,started,2025-11-13T11:09:22.898631,2025-11-13T11:09:22.898636
A000089,R000838,d0042,v0005,2025-11-15T06:00:00,2025-11-15T06:18:00,0.882,2.364,18.98,assigned,2025-11-13T11:09:22.899965,2025-11-13T11:09:22.899970
A000090,R000280,d0059,v0125,2025-11-15T06:15:00,2025-11-15T08:31:00,2.511,6.729,136.89,completed,2025-11-13T11:09:22.901245,2025-11-13T11:09:22.901249
A000091,R001132,d0200,v0052,2025-11-15T06:30:00,2025-11-15T06:51:00,4.399,8.358,21.44,started,2025-11-13T11:09:22.902555,2025-11-13T11:09:22.902558
A000092,R000170,d0162,v0135,2025-11-15T06:45:00,2025-11-15T07:58:00,10.674,24.657,73.11,started,2025-11-13T11:09:22.903479,2025-11-13T11:09:22.903482
A000093,R000346,d0166,v0102,2025-11-15T07:00:00,2025-11-15T07:33:00,2.802,5.324,33.22,completed,2025-11-13T11:09:22.904463,2025-11-13T11:09:22.904468
A000094,R000989,d0126,v0118,2025-11-15T07:15:00,2025-11-15T09:32:00,8.348,22.373,137.21,assigned,2025-11-13T11:09:22.906040,2025-11-13T11:09:22.906045
A000095,R000841,d0096,v0149,2025-11-15T07:30:00,2025-11-15T07:55:00,2.407,4.573,25.1,started,2025-11-13T11:09:22.907317,2025-11-13T11:09:22.907322
A000096,R001111,d0041,v0101,2025-11-15T07:45:00,2025-11-15T10:08:00,2.787,6.438,143.56,assigned,2025-11-13T11:09:22.908348,2025-11-13T11:09:22.908351
A000097,R000918,d0146,v0102,2025-11-15T08:00:00,2025-11-15T09:58:00,8.497,16.144,118.01,assigned,2025-11-13T11:09:22.909320,2025-11-13T11:09:22.909323
A000098,R000361,d0156,v0113,2025-11-15T08:15:00,2025-11-15T09:51:00,4.062,9.383,96.53,assigned,2025-11-13T11:09:22.910234,2025-11-13T11:09:22.910237
A000099,R001079,d0080,v0081,2025-11-15T08:30:00,2025-11-15T09:23:00,4.362,8.288,53.5,assigned,2025-11-13T11:09:22.911257,2025-11-13T11:09:22.911262
A000100,R000150,d0156,v0067,2025-11-15T08:45:00,2025-11-15T10:29:00,12.486,33.462,104.02,completed,2025-11-13T11:09:22.912169,2025-11-13T11:09:22.912173
A000101,R000113,d0170,v0029,2025-11-15T09:00:00,2025-11-15T09:52:00,5.917,11.242,52.08,completed,2025-11-13T11:09:22.913182,2025-11-13T11:09:22.913185
A000102,R000785,d0004,v0008,2025-11-15T09:15:00,2025-11-15T11:33:00,13.15,30.376,138.07,started,2025-11-13T11:09:22.914102,2025-11-13T11:09:22.914105
A000103,R000303,d0133,v0101,2025-11-15T09:30:00,2025-11-15T09:53:00,1.739,4.017,23.56,started,2025-11-13T11:09:22.915047,2025-11-13T11:09:22.915050
A000104,R000537,d0177,v0131,2025-11-15T09:45:00,2025-11-15T11:02:00,5.437,14.571,77.25,assigned,2025-11-13T11:09:22.916001,2025-11-13T11:09:22.916006
A000105,R000500,d0008,v0103,2025-11-15T10:00:00,2025-11-15T11:16:00,5.488,10.427,76.66,assigned,2025-11-13T11:09:22.917591,2025-11-13T11:09:22.917596
A000106,R000589,d0131,v0114,2025-11-15T10:15:00,2025-11-15T11:35:00,3.917,7.442,80.02,completed,2025-11-13T11:09:22.919049,2025-11-13T11:09:22.919053
A000107,R000056,d0003,v0052,2025-11-15T10:30:00,2025-11-15T11:56:00,16.028,30.453,86.36,assigned,2025-11-13T11:09:22.920133,2025-11-13T11:09:22.920136
A000108,R000762,d0008,v0001,2025-11-15T10:45:00,2025-11-15T12:07:00,10.964,20.832,82.29,assigned,2025-11-13T11:09:22.921139,2025-11-13T11:09:22.921142
A000109,R000276,d0182,v0050,2025-11-15T11:00:00,2025-11-15T12:56:00,5.531,14.823,116.95,assigned,2025-11-13T11:09:22.922049,2025-11-13T11:09:22.922052
A000110,R000501,d0029,v0016,2025-11-15T11:15:00,2025-11-15T12:53:00,5.207,13.955,98.67,assigned,2025-11-13T11:09:22.923507,2025-11-13T11:09:22.923512
A000111,R000758,d0046,v0001,2025-11-15T11:30:00,2025-11-15T13:16:00,6.542,12.43,106.41,completed,2025-11-13T11:09:22.925069,2025-11-13T11:09:22.925074
A000112,R000450,d0055,v0078,2025-11-15T11:45:00,2025-11-15T11:52:00,0.306,0.707,7.91,completed,2025-11-13T11:09:22.926475,2025-11-13T11:09:22.926479
A000113,R000175,d0117,v0078,2025-11-15T12:00:00,2025-11-15T12:25:00,1.464,3.382,25.19,completed,2025-11-13T11:09:22.927585,2025-11-13T11:09:22.927588
A000114,R000290,d0098,v0054,2025-11-15T12:15:00,2025-11-15T12:44:00,2.707,7.255,29.33,started,2025-11-13T11:09:22.928733,2025-11-13T11:09:22.928736
A000115,R001021,d0060,v0109,2025-11-15T12:30:00,2025-11-15T13:07:00,3.989,7.579,37.37,completed,2025-11-13T11:09:22.929785,2025-11-13T11:09:22.929789
A000116,R000314,d0139,v0027,2025-11-15T12:45:00,2025-11-15T12:57:00,0.59,1.581,12.62,completed,2025-11-13T11:09:22.930803,2025-11-13T11:09:22.930806
A000117,R000823,d0112,v0130,2025-11-15T13:00:00,2025-11-15T13:03:00,0.629,1.195,3.83,started,2025-11-13T11:09:22.931830,2025-11-13T11:09:22.931835
A000118,R000195,d0131,v0072,2025-11-15T13:15:00,2025-11-15T14:21:00,2.895,5.5,66.58,completed,2025-11-13T11:09:22.932944,2025-11-13T11:09:22.932947
A000119,R001096,d0088,v0107,2025-11-15T13:30:00,2025-11-15T15:20:00,7.852,14.919,110.58,assigned,2025-11-13T11:09:22.934081,2025-11-13T11:09:22.934085
A000120,R000668,d0040,v0011,2025-11-15T13:45:00,2025-11-15T14:47:00,3.717,7.062,62.11,assigned,2025-11-13T11:09:22.935206,2025-11-13T11:09:22.935209
A000121,R000864,d0118,v0006,2025-11-15T14:00:00,2025-11-15T14:20:00,3.7,7.03,20.2,completed,2025-11-13T11:09:22.936356,2025-11-13T11:09:22.936361
A000122,R000183,d0095,v0135,2025-11-15T14:15:00,2025-11-15T15:09:00,4.864,11.236,54.15,completed,2025-11-13T11:09:22.937394,2025-11-13T11:09:22.937397
A000123,R001154,d0001,v0060,2025-11-15T14:30:00,2025-11-15T14:34:00,0.656,1.246,4.31,started,2025-11-13T11:09:22.938442,2025-11-13T11:09:22.938445
A000124,R000561,d0080,v0138,2025-11-15T14:45:00,2025-11-15T16:35:00,3.595,6.83,110.47,completed,2025-11-13T11:09:22.939320,2025-11-13T11:09:22.939323
A000125,R000426,d0169,v0108,2025-11-15T15:00:00,2025-11-15T16:29:00,26.209,49.797,89.79,started,2025-11-13T11:09:22.940223,2025-11-13T11:09:22.940226
A000126,R000860,d0118,v0007,2025-11-15T15:15:00,2025-11-15T16:25:00,3.406,9.128,70.43,started,2025-11-13T11:09:22.941198,2025-11-13T11:09:22.941201
A000127,R000768,d0044,v0047,2025-11-15T15:30:00,2025-11-15T17:22:00,10.109,23.352,112.41,started,2025-11-13T11:09:22.942232,2025-11-13T11:09:22.942235
A000128,R000098,d0059,v0062,2025-11-15T15:45:00,2025-11-15T16:33:00,2.408,5.562,48.35,completed,2025-11-13T11:09:22.943779,2025-11-13T11:09:22.943785
A000129,R000426,d0199,v0101,2025-11-15T16:00:00,2025-11-15T17:29:00,5.975,13.802,89.79,completed,2025-11-13T11:09:22.945333,2025-11-13T11:09:22.945339
A000130,R000535,d0025,v0040,2025-11-15T16:15:00,2025-11-15T17:54:00,5.17,13.856,99.53,completed,2025-11-13T11:09:22.946823,2025-11-13T11:09:22.946829
A000131,R000528,d0046,v0067,2025-11-15T16:30:00,2025-11-15T17:25:00,10.288,27.572,55.44,started,2025-11-13T11:09:22.948309,2025-11-13T11:09:22.948314
A000132,R000797,d0046,v0006,2025-11-15T16:45:00,2025-11-15T16:52:00,1.281,2.434,7.63,assigned,2025-11-13T11:09:22.949891,2025-11-13T11:09:22.949897
A000133,R000783,d0029,v0150,2025-11-15T17:00:00,2025-11-15T18:09:00,6.464,17.324,69.06,started,2025-11-13T11:09:22.951498,2025-11-13T11:09:22.951503
A000134,R000350,d0029,v0017,2025-11-15T17:15:00,2025-11-15T18:19:00,2.705,7.249,64.66,completed,2025-11-13T11:09:22.953175,2025-11-13T11:09:22.953180
A000135,R001194,d0148,v0020,2025-11-15T17:30:00,2025-11-15T18:51:00,5.293,10.057,81.84,assigned,2025-11-13T11:09:22.954405,2025-11-13T11:09:22.954410
A000136,R000106,d0101,v0117,2025-11-15T17:45:00,2025-11-15T19:22:00,6.246,14.428,97.28,started,2025-11-13T11:09:22.955856,2025-11-13T11:09:22.955862
A000137,R000501,d0171,v0028,2025-11-15T18:00:00,2025-11-15T19:38:00,9.241,24.766,98.67,completed,2025-11-13T11:09:22.957411,2025-11-13T11:09:22.957416
A000138,R000799,d0114,v0051,2025-11-15T18:15:00,2025-11-15T19:31:00,2.303,5.32,76.47,completed,2025-11-13T11:09:22.958790,2025-11-13T11:09:22.958795
A000139,R000989,d0044,v0044,2025-11-15T18:30:00,2025-11-15T20:47:00,13.39,25.441,137.21,started,2025-11-13T11:09:22.960092,2025-11-13T11:09:22.960098
A000140,R000553,d0111,v0027,2025-11-15T18:45:00,2025-11-15T20:30:00,5.534,14.831,105.34,assigned,2025-11-13T11:09:22.961003,2025-11-13T11:09:22.961006
A000141,R000020,d0138,v0105,2025-11-15T19:00:00,2025-11-15T21:34:00,6.54,17.527,154.45,assigned,2025-11-13T11:09:22.962059,2025-11-13T11:09:22.962063
A000142,R000511,d0128,v0089,2025-11-15T19:15:00,2025-11-15T20:05:00,4.683,10.818,50.98,assigned,2025-11-13T11:09:22.963535,2025-11-13T11:09:22.963540
A000143,R001098,d0013,v0142,2025-11-15T19:30:00,2025-11-15T19:52:00,2.642,7.081,22.68,completed,2025-11-13T11:09:22.964610,2025-11-13T11:09:22.964613
A000144,R000773,d0072,v0067,2025-11-15T19:45:00,2025-11-15T20:32:00,6.455,17.299,47.25,started,2025-11-13T11:09:22.965999,2025-11-13T11:09:22.966004
A000145,R000615,d0112,v0023,2025-11-15T20:00:00,2025-11-15T21:20:00,9.333,21.559,80.98,assigned,2025-11-13T11:09:22.967517,2025-11-13T11:09:22.967522
A000146,R000868,d0109,v0101,2025-11-15T20:15:00,2025-11-15T22:29:00,7.869,18.177,134.89,completed,2025-11-13T11:09:22.969051,2025-11-13T11:09:22.969054
A000147,R000267,d0075,v0143,2025-11-15T20:30:00,2025-11-15T21:23:00,2.967,5.637,53.36,assigned,2025-11-13T11:09:22.970018,2025-11-13T11:09:22.970022
A000148,R000602,d0006,v0019,2025-11-15T20:45:00,2025-11-15T22:01:00,2.976,6.875,76.25,started,2025-11-13T11:09:22.971065,2025-11-13T11:09:22.971068
A000149,R001100,d0064,v0033,2025-11-15T21:00:00,2025-11-15T21:41:00,4.267,8.107,41.09,assigned,2025-11-13T11:09:22.972224,2025-11-13T11:09:22.972227
A000150,R000882,d0197,v0046,2025-11-15T21:15:00,2025-11-15T22:07:00,1.871,4.322,52.91,started,2025-11-13T11:09:22.973295,2025-11-13T11:09:22.973298
A000151,R000204,d0001,v0035,2025-11-15T21:30:00,2025-11-16T00:10:00,11.897,31.884,160.95,started,2025-11-13T11:09:22.974410,2025-11-13T11:09:22.974415
A000152,R000881,d0017,v0081,2025-11-15T21:45:00,2025-11-15T23:05:00,9.162,17.408,80.38,assigned,2025-11-13T11:09:22.975918,2025-11-13T11:09:22.975924
A000153,R000656,d0049,v0023,2025-11-15T22:00:00,2025-11-15T22:46:00,2.785,6.433,46.92,assigned,2025-11-13T11:09:22.977481,2025-11-13T11:09:22.977487
A000154,R000273,d0048,v0088,2025-11-15T22:15:00,2025-11-15T23:25:00,6.306,14.567,70.29,assigned,2025-11-13T11:09:22.978919,2025-11-13T11:09:22.978924
A000155,R000916,d0186,v0147,2025-11-15T22:30:00,2025-11-16T01:11:00,8.632,16.401,161.56,completed,2025-11-13T11:09:22.979902,2025-11-13T11:09:22.979905
A000156,R000744,d0059,v0004,2025-11-15T22:45:00,2025-11-15T23:44:00,3.81,8.801,59.14,assigned,2025-11-13T11:09:22.980819,2025-11-13T11:09:22.980821
A000157,R000505,d0120,v0087,2025-11-15T23:00:00,2025-11-16T00:47:00,5.23,14.016,107.83,assigned,2025-11-13T11:09:22.981663,2025-11-13T11:09:22.981665
A000158,R000124,d0081,v0125,2025-11-15T23:15:00,2025-11-15T23:26:00,0.394,1.056,11.7,completed,2025-11-13T11:09:22.982831,2025-11-13T11:09:22.982835
A000159,R000773,d0185,v0114,2025-11-15T23:30:00,2025-11-16T00:17:00,2.832,5.381,47.25,completed,2025-11-13T11:09:22.984389,2025-11-13T11:09:22.984394
A000160,R001065,d0015,v0021,2025-11-15T23:45:00,2025-11-16T01:38:00,3.783,7.188,113.59,completed,2025-11-13T11:09:22.985938,2025-11-13T11:09:22.985944
A000161,R000647,d0104,v0020,2025-11-16T00:00:00,2025-11-16T00:01:00,0.162,0.308,1.8,completed,2025-11-13T11:09:22.987122,2025-11-13T11:09:22.987125
A000162,R000227,d0192,v0054,2025-11-16T00:15:00,2025-11-16T00:44:00,2.11,5.655,29.18,completed,2025-11-13T11:09:22.988543,2025-11-13T11:09:22.988549
A000163,R000326,d0079,v0144,2025-11-16T00:30:00,2025-11-16T01:17:00,6.245,11.865,47.74,assigned,2025-11-13T11:09:22.990081,2025-11-13T11:09:22.990086
A000164,R000929,d0155,v0103,2025-11-16T00:45:00,2025-11-16T01:06:00,2.14,4.066,21.25,assigned,2025-11-13T11:09:22.991570,2025-11-13T11:09:22.991575
A000165,R000765,d0052,v0023,2025-11-16T01:00:00,2025-11-16T02:17:00,5.294,12.229,77.89,assigned,2025-11-13T11:09:22.993131,2025-11-13T11:09:22.993136
A000166,R000955,d0054,v0145,2025-11-16T01:15:00,2025-11-16T02:14:00,4.15,9.586,59.46,completed,2025-11-13T11:09:22.994654,2025-11-13T11:09:22.994659
A000167,R000138,d0022,v0083,2025-11-16T01:30:00,2025-11-16T02:24:00,4.094,9.457,54.13,assigned,2025-11-13T11:09:22.996108,2025-11-13T11:09:22.996113
A000168,R000008,d0018,v0097,2025-11-16T01:45:00,2025-11-16T03:42:00,7.644,20.486,117.02,completed,2025-11-13T11:09:22.997686,2025-11-13T11:09:22.997691
A000169,R000692,d0107,v0136,2025-11-16T02:00:00,2025-11-16T04:11:00,5.951,13.747,131.31,completed,2025-11-13T11:09:22.999264,2025-11-13T11:09:22.999269
A000170,R000316,d0147,v0135,2025-11-16T02:15:00,2025-11-16T03:23:00,11.422,26.385,68.41,assigned,2025-11-13T11:09:23.000643,2025-11-13T11:09:23.000647
A000171,R000406,d0092,v0097,2025-11-16T02:30:00,2025-11-16T03:16:00,4.645,12.449,46.5,started,2025-11-13T11:09:23.001543,2025-11-13T11:09:23.001546
A000172,R000739,d0156,v0107,2025-11-16T02:45:00,2025-11-16T03:26:00,2.769,5.261,41.31,assigned,2025-11-13T11:09:23.002399,2025-11-13T11:09:23.002402
A000173,R000927,d0186,v0081,2025-11-16T03:00:00,2025-11-16T03:57:00,13.373,25.409,57.3,started,2025-11-13T11:09:23.003245,2025-11-13T11:09:23.003248
A000174,R000983,d0048,v0137,2025-11-16T03:15:00,2025-11-16T06:11:00,21.353,57.226,176.28,assigned,2025-11-13T11:09:23.004111,2025-11-13T11:09:23.004115
A000175,R001098,d0007,v0084,2025-11-16T03:30:00,2025-11-16T03:52:00,2.764,7.408,22.68,assigned,2025-11-13T11:09:23.005098,2025-11-13T11:09:23.005101
A000176,R000015,d0024,v0018,2025-11-16T03:45:00,2025-11-16T04:38:00,3.628,8.381,53.35,completed,2025-11-13T11:09:23.005941,2025-11-13T11:09:23.005944
A000177,R001102,d0087,v0025,2025-11-16T04:00:00,2025-11-16T04:06:00,0.853,2.286,6.33,assigned,2025-11-13T11:09:23.006775,2025-11-13T11:09:23.006779
A000178,R000150,d0037,v0049,2025-11-16T04:15:00,2025-11-16T05:59:00,18.663,50.017,104.02,assigned,2025-11-13T11:09:23.007918,2025-11-13T11:09:23.007921
A000179,R001028,d0141,v0095,2025-11-16T04:30:00,2025-11-16T05:04:00,2.538,6.802,34.33,assigned,2025-11-13T11:09:23.008795,2025-11-13T11:09:23.008798
A000180,R001150,d0101,v0135,2025-11-16T04:45:00,2025-11-16T06:08:00,4.754,10.982,83.74,completed,2025-11-13T11:09:23.009665,2025-11-13T11:09:23.009668
A000181,R000635,d0144,v0103,2025-11-16T05:00:00,2025-11-16T07:16:00,9.421,17.9,136.55,assigned,2025-11-13T11:09:23.010522,2025-11-13T11:09:23.010525
A000182,R001103,d0064,v0026,2025-11-16T05:15:00,2025-11-16T07:36:00,15.198,40.731,141.81,started,2025-11-13T11:09:23.011447,2025-11-13T11:09:23.011450
A000183,R000853,d0039,v0035,2025-11-16T05:30:00,2025-11-16T05:55:00,1.654,4.433,25.14,assigned,2025-11-13T11:09:23.012627,2025-11-13T11:09:23.012633
A000184,R001082,d0034,v0123,2025-11-16T05:45:00,2025-11-16T09:14:00,6.678,17.897,209.62,completed,2025-11-13T11:09:23.014178,2025-11-13T11:09:23.014184
A000185,R000402,d0039,v0059,2025-11-16T06:00:00,2025-11-16T06:23:00,1.908,4.407,23.49,assigned,2025-11-13T11:09:23.015686,2025-11-13T11:09:23.015691
A000186,R000953,d0014,v0109,2025-11-16T06:15:00,2025-11-16T07:34:00,9.324,17.716,79.1,completed,2025-11-13T11:09:23.016984,2025-11-13T11:09:23.016987
A000187,R000708,d0003,v0086,2025-11-16T06:30:00,2025-11-16T06:50:00,1.4,3.752,20.37,assigned,2025-11-13T11:09:23.017832,2025-11-13T11:09:23.017835
A000188,R000294,d0197,v0103,2025-11-16T06:45:00,2025-11-16T07:16:00,1.738,3.302,31.51,completed,2025-11-13T11:09:23.018675,2025-11-13T11:09:23.018678
A000189,R000797,d0110,v0132,2025-11-16T07:00:00,2025-11-16T07:07:00,0.433,0.823,7.63,started,2025-11-13T11:09:23.019511,2025-11-13T11:09:23.019514
A000190,R001105,d0084,v0067,2025-11-16T07:15:00,2025-11-16T08:25:00,7.587,20.333,70.86,completed,2025-11-13T11:09:23.020381,2025-11-13T11:09:23.020386
A000191,R000939,d0187,v0055,2025-11-16T07:30:00,2025-11-16T07:59:00,5.615,12.971,29.6,assigned,2025-11-13T11:09:23.021299,2025-11-13T11:09:23.021302
A000192,R000853,d0069,v0135,2025-11-16T07:45:00,2025-11-16T08:10:00,1.986,4.588,25.14,started,2025-11-13T11:09:23.022338,2025-11-13T11:09:23.022342
A000193,R000384,d0182,v0060,2025-11-16T08:00:00,2025-11-16T08:35:00,2.334,4.435,35.12,assigned,2025-11-13T11:09:23.023568,2025-11-13T11:09:23.023573
A000194,R001147,d0040,v0073,2025-11-16T08:15:00,2025-11-16T08:34:00,1.101,2.092,19.66,assigned,2025-11-13T11:09:23.024641,2025-11-13T11:09:23.024644
A000195,R000367,d0169,v0071,2025-11-16T08:30:00,2025-11-16T08:51:00,1.469,3.393,21.76,assigned,2025-11-13T11:09:23.025487,2025-11-13T11:09:23.025490
A000196,R000017,d0141,v0011,2025-11-16T08:45:00,2025-11-16T08:59:00,1.096,2.082,14.14,completed,2025-11-13T11:09:23.026320,2025-11-13T11:09:23.026324
A000197,R000375,d0097,v0069,2025-11-16T09:00:00,2025-11-16T09:59:00,5.53,12.774,59.83,started,2025-11-13T11:09:23.027401,2025-11-13T11:09:23.027404
A000198,R000630,d0052,v0139,2025-11-16T09:15:00,2025-11-16T09:30:00,0.476,0.904,15.9,started,2025-11-13T11:09:23.028391,2025-11-13T11:09:23.028394
A000199,R000549,d0090,v0068,2025-11-16T09:30:00,2025-11-16T09:34:00,0.578,1.549,4.57,started,2025-11-13T11:09:23.029511,2025-11-13T11:09:23.029516
A000200,R000455,d0039,v0009,2025-11-16T09:45:00,2025-11-16T10:41:00,10.098,27.063,56.45,assigned,2025-11-13T11:09:23.030538,2025-11-13T11:09:23.030542
A000201,R000891,d0001,v0115,2025-11-16T10:00:00,2025-11-16T10:19:00,2.548,4.841,19.66,assigned,2025-11-13T11:09:23.031653,2025-11-13T11:09:23.031657
A000202,R000242,d0163,v0095,2025-11-16T10:15:00,2025-11-16T10:36:00,0.799,2.141,21.83,completed,2025-11-13T11:09:23.032694,2025-11-13T11:09:23.032697
A000203,R000756,d0164,v0047,2025-11-16T10:30:00,2025-11-16T11:28:00,6.312,14.581,58.73,started,2025-11-13T11:09:23.033566,2025-11-13T11:09:23.033569
A000204,R001195,d0064,v0062,2025-11-16T10:45:00,2025-11-16T11:24:00,1.807,4.174,39.86,assigned,2025-11-13T11:09:23.034428,2025-11-13T11:09:23.034431
A000205,R000720,d0084,v0062,2025-11-16T11:00:00,2025-11-16T11:45:00,1.975,4.562,45.67,completed,2025-11-13T11:09:23.035514,2025-11-13T11:09:23.035519
A000206,R000653,d0191,v0043,2025-11-16T11:15:00,2025-11-16T12:11:00,6.369,12.101,56.94,assigned,2025-11-13T11:09:23.036616,2025-11-13T11:09:23.036619
A000207,R001172,d0076,v0127,2025-11-16T11:30:00,2025-11-16T12:32:00,5.79,15.517,62.88,completed,2025-11-13T11:09:23.037605,2025-11-13T11:09:23.037608
A000208,R000779,d0046,v0126,2025-11-16T11:45:00,2025-11-16T13:03:00,5.577,12.883,78.79,started,2025-11-13T11:09:23.038495,2025-11-13T11:09:23.038498
A000209,R000322,d0048,v0075,2025-11-16T12:00:00,2025-11-16T12:18:00,2.303,6.172,18.42,assigned,2025-11-13T11:09:23.039398,2025-11-13T11:09:23.039400
A000210,R001185,d0024,v0022,2025-11-16T12:15:00,2025-11-16T13:42:00,10.707,28.695,87.69,started,2025-11-13T11:09:23.040310,2025-11-13T11:09:23.040313
A000211,R000096,d0176,v0112,2025-11-16T12:30:00,2025-11-16T13:58:00,6.658,15.38,88.3,started,2025-11-13T11:09:23.041222,2025-11-13T11:09:23.041225
A000212,R000737,d0077,v0024,2025-11-16T12:45:00,2025-11-16T14:12:00,1.956,4.518,87.43,completed,2025-11-13T11:09:23.042109,2025-11-13T11:09:23.042113
A000213,R000989,d0132,v0083,2025-11-16T13:00:00,2025-11-16T15:17:00,13.315,30.758,137.21,started,2025-11-13T11:09:23.043073,2025-11-13T11:09:23.043076
A000214,R000577,d0163,v0113,2025-11-16T13:15:00,2025-11-16T14:22:00,3.75,8.662,67.43,completed,2025-11-13T11:09:23.043990,2025-11-13T11:09:23.043993
A000215,R000546,d0092,v0092,2025-11-16T13:30:00,2025-11-16T14:48:00,5.193,9.867,78.28,assigned,2025-11-13T11:09:23.044921,2025-11-13T11:09:23.044924
A000216,R000352,d0148,v0066,2025-11-16T13:45:00,2025-11-16T15:01:00,2.945,5.595,76.75,completed,2025-11-13T11:09:23.045827,2025-11-13T11:09:23.045829
A000217,R000786,d0116,v0149,2025-11-16T14:00:00,2025-11-16T15:28:00,2.304,4.378,88.5,completed,2025-11-13T11:09:23.046814,2025-11-13T11:09:23.046817
A000218,R000785,d0102,v0066,2025-11-16T14:15:00,2025-11-16T16:33:00,7.293,13.857,138.07,assigned,2025-11-13T11:09:23.047819,2025-11-13T11:09:23.047822
A000219,R000179,d0030,v0019,2025-11-16T14:30:00,2025-11-16T15:51:00,2.789,6.443,81.91,assigned,2025-11-13T11:09:23.048841,2025-11-13T11:09:23.048845
A000220,R000193,d0155,v0073,2025-11-16T14:45:00,2025-11-16T14:57:00,1.376,2.614,12.53,completed,2025-11-13T11:09:23.049726,2025-11-13T11:09:23.049729
A000221,R000692,d0009,v0120,2025-11-16T15:00:00,2025-11-16T17:11:00,9.465,17.984,131.31,assigned,2025-11-13T11:09:23.050592,2025-11-13T11:09:23.050595
A000222,R000261,d0058,v0148,2025-11-16T15:15:00,2025-11-16T16:28:00,4.529,8.605,73.42,assigned,2025-11-13T11:09:23.051496,2025-11-13T11:09:23.051499
A000223,R000999,d0188,v0049,2025-11-16T15:30:00,2025-11-16T16:55:00,13.517,36.226,85.65,started,2025-11-13T11:09:23.052424,2025-11-13T11:09:23.052427
A000224,R000557,d0178,v0019,2025-11-16T15:45:00,2025-11-16T15:56:00,0.349,0.806,11.2,completed,2025-11-13T11:09:23.053344,2025-11-13T11:09:23.053347
A000225,R000143,d0017,v0032,2025-11-16T16:00:00,2025-11-16T16:50:00,5.12,13.722,50.52,started,2025-11-13T11:09:23.054250,2025-11-13T11:09:23.054253
A000226,R000552,d0029,v0150,2025-11-16T16:15:00,2025-11-16T19:10:00,12.894,34.556,175.28,assigned,2025-11-13T11:09:23.055150,2025-11-13T11:09:23.055153
A000227,R000934,d0177,v0029,2025-11-16T16:30:00,2025-11-16T17:42:00,4.719,8.966,72.09,completed,2025-11-13T11:09:23.056030,2025-11-13T11:09:23.056033
A000228,R000551,d0112,v0102,2025-11-16T16:45:00,2025-11-16T18:03:00,7.023,13.344,78.61,started,2025-11-13T11:09:23.057255,2025-11-13T11:09:23.057258
A000229,R001018,d0058,v0013,2025-11-16T17:00:00,2025-11-16T18:59:00,6.349,14.666,119.94,completed,2025-11-13T11:09:23.058138,2025-11-13T11:09:23.058141
A000230,R000723,d0192,v0002,2025-11-16T17:15:00,2025-11-16T18:47:00,9.22,21.298,92.46,assigned,2025-11-13T11:09:23.059063,2025-11-13T11:09:23.059066
A000231,R001065,d0012,v0128,2025-11-16T17:30:00,2025-11-16T19:23:00,3.923,7.454,113.59,assigned,2025-11-13T11:09:23.059985,2025-11-13T11:09:23.059988
A000232,R000370,d0018,v0146,2025-11-16T17:45:00,2025-11-16T18:18:00,3.251,7.51,33.84,started,2025-11-13T11:09:23.060962,2025-11-13T11:09:23.060965
A000233,R000943,d0046,v0045,2025-11-16T18:00:00,2025-11-16T20:38:00,11.39,26.311,158.42,completed,2025-11-13T11:09:23.061919,2025-11-13T11:09:23.061922
A000234,R001014,d0108,v0001,2025-11-16T18:15:00,2025-11-16T19:42:00,4.037,7.67,87.92,started,2025-11-13T11:09:23.062865,2025-11-13T11:09:23.062868
A000235,R000409,d0020,v0073,2025-11-16T18:30:00,2025-11-16T19:25:00,3.298,6.266,55.52,completed,2025-11-13T11:09:23.063799,2025-11-13T11:09:23.063802
A000236,R000552,d0043,v0031,2025-11-16T18:45:00,2025-11-16T21:40:00,9.448,17.951,175.28,completed,2025-11-13T11:09:23.064839,2025-11-13T11:09:23.064844
A000237,R000478,d0097,v0024,2025-11-16T19:00:00,2025-11-16T20:12:00,5.562,12.848,72.62,started,2025-11-13T11:09:23.065775,2025-11-13T11:09:23.065778
A000238,R000308,d0156,v0051,2025-11-16T19:15:00,2025-11-16T21:36:00,2.684,6.2,141.37,completed,2025-11-13T11:09:23.066694,2025-11-13T11:09:23.066697
A000239,R000557,d0187,v0014,2025-11-16T19:30:00,2025-11-16T19:41:00,0.434,1.003,11.2,started,2025-11-13T11:09:23.067632,2025-11-13T11:09:23.067635
A000240,R000360,d0191,v0037,2025-11-16T19:45:00,2025-11-16T19:56:00,1.494,4.004,11.43,started,2025-11-13T11:09:23.068544,2025-11-13T11:09:23.068547
A000241,R000643,d0120,v0051,2025-11-16T20:00:00,2025-11-16T20:54:00,1.197,2.765,54.41,completed,2025-11-13T11:09:23.069481,2025-11-13T11:09:23.069484
A000242,R000644,d0006,v0123,2025-11-16T20:15:00,2025-11-16T22:24:00,5.317,14.25,129.81,started,2025-11-13T11:09:23.070388,2025-11-13T11:09:23.070391
A000243,R001183,d0128,v0113,2025-11-16T20:30:00,2025-11-16T21:17:00,6.109,14.112,47.69,assigned,2025-11-13T11:09:23.071276,2025-11-13T11:09:23.071279
A000244,R000627,d0014,v0048,2025-11-16T20:45:00,2025-11-16T21:53:00,12.684,24.1,68.22,completed,2025-11-13T11:09:23.072141,2025-11-13T11:09:23.072145
A000245,R001097,d0175,v0028,2025-11-16T21:00:00,2025-11-16T22:25:00,9.269,24.841,85.85,completed,2025-11-13T11:09:23.073084,2025-11-13T11:09:23.073087
A000246,R001164,d0120,v0141,2025-11-16T21:15:00,2025-11-17T01:06:00,6.827,12.971,231.15,assigned,2025-11-13T11:09:23.074000,2025-11-13T11:09:23.074003
A000247,R001131,d0081,v0023,2025-11-16T21:30:00,2025-11-16T21:31:00,0.354,0.818,1.93,started,2025-11-13T11:09:23.074929,2025-11-13T11:09:23.074931
A000248,R000830,d0058,v0085,2025-11-16T21:45:00,2025-11-17T00:25:00,4.614,10.658,160.62,completed,2025-11-13T11:09:23.075852,2025-11-13T11:09:23.075855
A000249,R000556,d0170,v0045,2025-11-16T22:00:00,2025-11-16T23:55:00,12.34,28.505,115.05,assigned,2025-11-13T11:09:23.076791,2025-11-13T11:09:23.076794
A000250,R000603,d0105,v0125,2025-11-16T22:15:00,2025-11-16T23:13:00,6.547,17.546,58.84,started,2025-11-13T11:09:23.077697,2025-11-13T11:09:23.077700
A000251,R000282,d0010,v0118,2025-11-16T22:30:00,2025-11-17T00:57:00,6.589,17.659,147.11,completed,2025-11-13T11:09:23.078671,2025-11-13T11:09:23.078674
A000252,R000036,d0178,v0033,2025-11-16T22:45:00,2025-11-16T23:13:00,0.69,1.311,28.94,assigned,2025-11-13T11:09:23.079622,2025-11-13T11:09:23.079625
A000253,R000264,d0019,v0127,2025-11-16T23:00:00,2025-11-16T23:38:00,3.434,9.203,38.97,completed,2025-11-13T11:09:23.080587,2025-11-13T11:09:23.080590
A000254,R000294,d0032,v0068,2025-11-16T23:15:00,2025-11-16T23:46:00,3.027,8.112,31.51,started,2025-11-13T11:09:23.081542,2025-11-13T11:09:23.081546
A000255,R000146,d0184,v0078,2025-11-16T23:30:00,2025-11-17T00:53:00,7.777,17.965,83.13,assigned,2025-11-13T11:09:23.082503,2025-11-13T11:09:23.082506
A000256,R000350,d0200,v0055,2025-11-16T23:45:00,2025-11-17T00:49:00,6.698,15.472,64.66,assigned,2025-11-13T11:09:23.083541,2025-11-13T11:09:23.083545
A000257,R000694,d0039,v0021,2025-11-17T00:00:00,2025-11-17T00:48:00,3.961,7.526,48.99,started,2025-11-13T11:09:23.084480,2025-11-13T11:09:23.084483
A000258,R000662,d0111,v0009,2025-11-17T00:15:00,2025-11-17T01:40:00,4.571,12.25,85.76,started,2025-11-13T11:09:23.085404,2025-11-13T11:09:23.085406
A000259,R000614,d0139,v0111,2025-11-17T00:30:00,2025-11-17T00:42:00,1.283,2.438,12.56,completed,2025-11-13T11:09:23.086302,2025-11-13T11:09:23.086305
A000260,R000744,d0131,v0028,2025-11-17T00:45:00,2025-11-17T01:44:00,8.321,22.3,59.14,started,2025-11-13T11:09:23.087202,2025-11-13T11:09:23.087204
A000261,R000883,d0030,v0051,2025-11-17T01:00:00,2025-11-17T03:03:00,5.262,12.155,123.98,completed,2025-11-13T11:09:23.088106,2025-11-13T11:09:23.088109
A000262,R000564,d0129,v0042,2025-11-17T01:15:00,2025-11-17T02:37:00,8.101,21.711,82.51,started,2025-11-13T11:09:23.089392,2025-11-13T11:09:23.089395
A000263,R000428,d0089,v0019,2025-11-17T01:30:00,2025-11-17T03:19:00,6.814,15.74,109.37,completed,2025-11-13T11:09:23.090414,2025-11-13T11:09:23.090417
A000264,R000219,d0025,v0028,2025-11-17T01:45:00,2025-11-17T03:51:00,10.516,28.183,126.63,completed,2025-11-13T11:09:23.091305,2025-11-13T11:09:23.091308
A000265,R000997,d0010,v0106,2025-11-17T02:00:00,2025-11-17T04:18:00,8.215,18.977,138.54,completed,2025-11-13T11:09:23.092191,2025-11-13T11:09:23.092193
A000266,R000963,d0172,v0010,2025-11-17T02:15:00,2025-11-17T03:29:00,4.576,12.264,74.55,assigned,2025-11-13T11:09:23.093167,2025-11-13T11:09:23.093170
A000267,R001013,d0135,v0005,2025-11-17T02:30:00,2025-11-17T03:38:00,2.817,7.55,68.42,completed,2025-11-13T11:09:23.094085,2025-11-13T11:09:23.094088
A000268,R000246,d0088,v0041,2025-11-17T02:45:00,2025-11-17T02:57:00,1.566,4.197,12.73,started,2025-11-13T11:09:23.094993,2025-11-13T11:09:23.094995
A000269,R000897,d0157,v0012,2025-11-17T03:00:00,2025-11-17T04:21:00,10.305,19.58,81.99,started,2025-11-13T11:09:23.095885,2025-11-13T11:09:23.095888
A000270,R000201,d0086,v0079,2025-11-17T03:15:00,2025-11-17T04:59:00,8.651,23.185,104.54,completed,2025-11-13T11:09:23.096871,2025-11-13T11:09:23.096875
A000271,R000517,d0019,v0095,2025-11-17T03:30:00,2025-11-17T04:51:00,3.344,8.962,81.14,started,2025-11-13T11:09:23.097890,2025-11-13T11:09:23.097893
A000272,R000568,d0176,v0057,2025-11-17T03:45:00,2025-11-17T04:32:00,6.6,12.54,47.15,completed,2025-11-13T11:09:23.098903,2025-11-13T11:09:23.098906
A000273,R000958,d0168,v0119,2025-11-17T04:00:00,2025-11-17T05:46:00,7.493,14.237,106.74,assigned,2025-11-13T11:09:23.099787,2025-11-13T11:09:23.099790
A000274,R000294,d0169,v0019,2025-11-17T04:15:00,2025-11-17T04:46:00,1.566,3.617,31.51,assigned,2025-11-13T11:09:23.100763,2025-11-13T11:09:23.100766
A000275,R000449,d0170,v0048,2025-11-17T04:30:00,2025-11-17T06:32:00,12.998,24.696,122.54,completed,2025-11-13T11:09:23.101663,2025-11-13T11:09:23.101666
A000276,R001105,d0075,v0001,2025-11-17T04:45:00,2025-11-17T05:55:00,2.492,4.735,70.86,assigned,2025-11-13T11:09:23.102568,2025-11-13T11:09:23.102570
A000277,R000370,d0157,v0146,2025-11-17T05:00:00,2025-11-17T05:33:00,3.709,8.568,33.84,completed,2025-11-13T11:09:23.103458,2025-11-13T11:09:23.103461
A000278,R001102,d0088,v0015,2025-11-17T05:15:00,2025-11-17T05:21:00,0.414,0.956,6.33,started,2025-11-13T11:09:23.104360,2025-11-13T11:09:23.104365
A000279,R000888,d0002,v0063,2025-11-17T05:30:00,2025-11-17T07:13:00,3.99,10.693,103.9,assigned,2025-11-13T11:09:23.105269,2025-11-13T11:09:23.105271
A000280,R000023,d0038,v0037,2025-11-17T05:45:00,2025-11-17T06:16:00,2.413,6.467,31.04,assigned,2025-11-13T11:09:23.106172,2025-11-13T11:09:23.106174
A000281,R000130,d0124,v0058,2025-11-17T06:00:00,2025-11-17T06:51:00,3.461,7.995,51.95,assigned,2025-11-13T11:09:23.107096,2025-11-13T11:09:23.107099
A000282,R000961,d0117,v0017,2025-11-17T06:15:00,2025-11-17T07:15:00,3.695,9.903,60.22,completed,2025-11-13T11:09:23.108069,2025-11-13T11:09:23.108072
A000283,R000448,d0171,v0062,2025-11-17T06:30:00,2025-11-17T07:34:00,2.994,6.916,64.04,started,2025-11-13T11:09:23.109191,2025-11-13T11:09:23.109194
A000284,R000855,d0044,v0041,2025-11-17T06:45:00,2025-11-17T08:02:00,7.309,19.588,77.79,started,2025-11-13T11:09:23.110123,2025-11-13T11:09:23.110126
A000285,R000091,d0118,v0119,2025-11-17T07:00:00,2025-11-17T07:08:00,0.427,0.811,8.92,completed,2025-11-13T11:09:23.111046,2025-11-13T11:09:23.111049
A000286,R000700,d0134,v0133,2025-11-17T07:15:00,2025-11-17T08:48:00,9.265,17.604,93.17,completed,2025-11-13T11:09:23.111930,2025-11-13T11:09:23.111934
A000287,R000719,d0108,v0054,2025-11-17T07:30:00,2025-11-17T08:52:00,6.719,18.007,82.44,completed,2025-11-13T11:09:23.112922,2025-11-13T11:09:23.112925
A000288,R000572,d0037,v0138,2025-11-17T07:45:00,2025-11-17T08:00:00,0.829,1.575,15.71,started,2025-11-13T11:09:23.113842,2025-11-13T11:09:23.113844
A000289,R000494,d0035,v0110,2025-11-17T08:00:00,2025-11-17T08:14:00,1.606,4.304,14.55,assigned,2025-11-13T11:09:23.114765,2025-11-13T11:09:23.114769
A000290,R001064,d0008,v0144,2025-11-17T08:15:00,2025-11-17T08:32:00,1.4,2.66,17.11,started,2025-11-13T11:09:23.115696,2025-11-13T11:09:23.115699
A000291,R001063,d0092,v0027,2025-11-17T08:30:00,2025-11-17T08:50:00,0.929,2.49,20.27,completed,2025-11-13T11:09:23.116675,2025-11-13T11:09:23.116678
A000292,R000532,d0100,v0143,2025-11-17T08:45:00,2025-11-17T10:48:00,9.78,18.582,123.69,completed,2025-11-13T11:09:23.117550,2025-11-13T11:09:23.117552
A000293,R000314,d0133,v0063,2025-11-17T09:00:00,2025-11-17T09:12:00,0.759,2.034,12.62,started,2025-11-13T11:09:23.118475,2025-11-13T11:09:23.118479
A000294,R000279,d0128,v0006,2025-11-17T09:15:00,2025-11-17T10:30:00,20.33,38.627,75.07,completed,2025-11-13T11:09:23.119347,2025-11-13T11:09:23.119350
A000295,R000750,d0044,v0036,2025-11-17T09:30:00,2025-11-17T12:03:00,14.978,28.458,153.28,completed,2025-11-13T11:09:23.120228,2025-11-13T11:09:23.120231
A000296,R000051,d0085,v0098,2025-11-17T09:45:00,2025-11-17T09:53:00,0.863,2.313,8.28,assigned,2025-11-13T11:09:23.121350,2025-11-13T11:09:23.121353
A000297,R001069,d0136,v0103,2025-11-17T10:00:00,2025-11-17T11:03:00,4.002,7.604,63.05,assigned,2025-11-13T11:09:23.122272,2025-11-13T11:09:23.122275
A000298,R000381,d0191,v0134,2025-11-17T10:15:00,2025-11-17T10:26:00,0.908,1.725,11.73,started,2025-11-13T11:09:23.123204,2025-11-13T11:09:23.123207
A000299,R000501,d0120,v0089,2025-11-17T10:30:00,2025-11-17T12:08:00,10.571,24.419,98.67,assigned,2025-11-13T11:09:23.124104,2025-11-13T11:09:23.124107
A000300,R000121,d0121,v0049,2025-11-17T10:45:00,2025-11-17T11:59:00,13.105,35.121,74.84,started,2025-11-13T11:09:23.125031,2025-11-13T11:09:23.125036
A000301,R000589,d0038,v0002,2025-11-17T11:00:00,2025-11-17T12:20:00,4.66,10.765,80.02,completed,2025-11-13T11:09:23.125929,2025-11-13T11:09:23.125932
A000302,R001106,d0148,v0133,2025-11-17T11:15:00,2025-11-17T13:19:00,5.561,10.566,124.15,assigned,2025-11-13T11:09:23.126841,2025-11-13T11:09:23.126844
A000303,R000747,d0012,v0045,2025-11-17T11:30:00,2025-11-17T12:01:00,5.044,11.652,31.59,started,2025-11-13T11:09:23.127750,2025-11-13T11:09:23.127753
A000304,R000158,d0054,v0011,2025-11-17T11:45:00,2025-11-17T13:29:00,5.28,10.032,104.56,completed,2025-11-13T11:09:23.128694,2025-11-13T11:09:23.128697
A000305,R000588,d0027,v0070,2025-11-17T12:00:00,2025-11-17T13:41:00,3.578,6.798,101.86,started,2025-11-13T11:09:23.129601,2025-11-13T11:09:23.129603
A000306,R000243,d0099,v0150,2025-11-17T12:15:00,2025-11-17T13:07:00,5.837,15.643,52.66,completed,2025-11-13T11:09:23.130450,2025-11-13T11:09:23.130452
A000307,R000018,d0139,v0111,2025-11-17T12:30:00,2025-11-17T13:12:00,4.888,9.287,42.12,completed,2025-11-13T11:09:23.131356,2025-11-13T11:09:23.131359
A000308,R000333,d0185,v0107,2025-11-17T12:45:00,2025-11-17T12:47:00,0.297,0.564,2.7,assigned,2025-11-13T11:09:23.132270,2025-11-13T11:09:23.132273
A000309,R000660,d0176,v0040,2025-11-17T13:00:00,2025-11-17T13:42:00,4.803,12.872,42.71,assigned,2025-11-13T11:09:23.133199,2025-11-13T11:09:23.133202
A000310,R001200,d0200,v0023,2025-11-17T13:15:00,2025-11-17T14:28:00,4.332,10.007,73.29,started,2025-11-13T11:09:23.134106,2025-11-13T11:09:23.134109
A000311,R001117,d0006,v0019,2025-11-17T13:30:00,2025-11-17T15:24:00,3.25,7.508,114.14,started,2025-11-13T11:09:23.135000,2025-11-13T11:09:23.135003
A000312,R000457,d0035,v0025,2025-11-17T13:45:00,2025-11-17T14:19:00,7.06,18.921,34.92,started,2025-11-13T11:09:23.135861,2025-11-13T11:09:23.135864
A000313,R000963,d0199,v0025,2025-11-17T14:00:00,2025-11-17T15:14:00,8.059,21.598,74.55,started,2025-11-13T11:09:23.136756,2025-11-13T11:09:23.136758
A000314,R000015,d0128,v0089,2025-11-17T14:15:00,2025-11-17T15:08:00,8.111,18.736,53.35,assigned,2025-11-13T11:09:23.137676,2025-11-13T11:09:23.137681
A000315,R000922,d0151,v0112,2025-11-17T14:30:00,2025-11-17T14:37:00,0.394,0.91,7.54,started,2025-11-13T11:09:23.138732,2025-11-13T11:09:23.138735
A000316,R000718,d0017,v0060,2025-11-17T14:45:00,2025-11-17T15:53:00,4.663,8.86,68.74,assigned,2025-11-13T11:09:23.139697,2025-11-13T11:09:23.139700
A000317,R001098,d0002,v0092,2025-11-17T15:00:00,2025-11-17T15:22:00,1.668,3.169,22.68,completed,2025-11-13T11:09:23.140615,2025-11-13T11:09:23.140618
A000318,R000057,d0060,v0021,2025-11-17T15:15:00,2025-11-17T15:43:00,1.713,3.255,28.88,completed,2025-11-13T11:09:23.141472,2025-11-13T11:09:23.141475
A000319,R000454,d0193,v0148,2025-11-17T15:30:00,2025-11-17T16:12:00,4.306,8.181,42.16,assigned,2025-11-13T11:09:23.142371,2025-11-13T11:09:23.142374
A000320,R000630,d0006,v0038,2025-11-17T15:45:00,2025-11-17T16:00:00,0.505,0.959,15.9,completed,2025-11-13T11:09:23.143263,2025-11-13T11:09:23.143266
A000321,R000327,d0059,v0046,2025-11-17T16:00:00,2025-11-17T18:00:00,7.942,18.346,120.28,assigned,2025-11-13T11:09:23.144152,2025-11-13T11:09:23.144154
A000322,R000192,d0124,v0138,2025-11-17T16:15:00,2025-11-17T16:36:00,1.258,2.39,21.85,assigned,2025-11-13T11:09:23.145078,2025-11-13T11:09:23.145081
A000323,R000544,d0139,v0133,2025-11-17T16:30:00,2025-11-17T17:37:00,3.961,7.526,67.01,started,2025-11-13T11:09:23.146009,2025-11-13T11:09:23.146011
A000324,R000758,d0089,v0088,2025-11-17T16:45:00,2025-11-17T18:31:00,5.174,11.952,106.41,completed,2025-11-13T11:09:23.146849,2025-11-13T11:09:23.146851
A000325,R000391,d0064,v0073,2025-11-17T17:00:00,2025-11-17T17:19:00,2.84,5.396,19.0,started,2025-11-13T11:09:23.147678,2025-11-13T11:09:23.147681
A000326,R000672,d0173,v0092,2025-11-17T17:15:00,2025-11-17T17:50:00,4.485,8.522,35.34,started,2025-11-13T11:09:23.148664,2025-11-13T11:09:23.148666
A000327,R000041,d0011,v0042,2025-11-17T17:30:00,2025-11-17T17:42:00,1.545,4.141,12.65,assigned,2025-11-13T11:09:23.149502,2025-11-13T11:09:23.149505
A000328,R000438,d0084,v0014,2025-11-17T17:45:00,2025-11-17T18:48:00,5.164,11.929,63.84,assigned,2025-11-13T11:09:23.150331,2025-11-13T11:09:23.150334
A000329,R000346,d0138,v0042,2025-11-17T18:00:00,2025-11-17T18:33:00,9.795,26.251,33.22,assigned,2025-11-13T11:09:23.151159,2025-11-13T11:09:23.151161
A000330,R000753,d0018,v0096,2025-11-17T18:15:00,2025-11-17T18:35:00,1.405,3.246,20.5,completed,2025-11-13T11:09:23.151988,2025-11-13T11:09:23.151990
A000331,R000105,d0091,v0055,2025-11-17T18:30:00,2025-11-17T18:51:00,2.578,5.955,21.43,assigned,2025-11-13T11:09:23.152852,2025-11-13T11:09:23.152854
A000332,R000832,d0155,v0099,2025-11-17T18:45:00,2025-11-17T18:48:00,0.24,0.554,3.54,completed,2025-11-13T11:09:23.153677,2025-11-13T11:09:23.153679
A000333,R000104,d0009,v0031,2025-11-17T19:00:00,2025-11-17T19:21:00,1.42,2.698,21.98,completed,2025-11-13T11:09:23.154501,2025-11-13T11:09:23.154503
A000334,R000701,d0168,v0045,2025-11-17T19:15:00,2025-11-17T20:24:00,13.147,30.37,69.11,completed,2025-11-13T11:09:23.155327,2025-11-13T11:09:23.155329
A000335,R000778,d0016,v0107,2025-11-17T19:30:00,2025-11-17T20:41:00,4.599,8.738,71.94,assigned,2025-11-13T11:09:23.156147,2025-11-13T11:09:23.156149
A000336,R000033,d0019,v0054,2025-11-17T19:45:00,2025-11-17T20:30:00,3.245,8.697,45.79,assigned,2025-11-13T11:09:23.157000,2025-11-13T11:09:23.157003
A000337,R000392,d0190,v0112,2025-11-17T20:00:00,2025-11-17T21:07:00,6.654,15.371,67.31,assigned,2025-11-13T11:09:23.157827,2025-11-13T11:09:23.157829
A000338,R000461,d0183,v0004,2025-11-17T20:15:00,2025-11-17T20:29:00,1.149,2.654,14.13,completed,2025-11-13T11:09:23.158659,2025-11-13T11:09:23.158662
A000339,R000510,d0027,v0115,2025-11-17T20:30:00,2025-11-17T22:12:00,9.027,17.151,102.22,completed,2025-11-13T11:09:23.159485,2025-11-13T11:09:23.159488
A000340,R000677,d0195,v0123,2025-11-17T20:45:00,2025-11-17T21:34:00,1.85,4.958,49.24,assigned,2025-11-13T11:09:23.160317,2025-11-13T11:09:23.160320
A000341,R001053,d0092,v0098,2025-11-17T21:00:00,2025-11-17T22:03:00,9.685,25.956,63.72,started,2025-11-13T11:09:23.161239,2025-11-13T11:09:23.161242
A000342,R000608,d0101,v0064,2025-11-17T21:15:00,2025-11-17T22:16:00,6.898,18.487,61.08,started,2025-11-13T11:09:23.162073,2025-11-13T11:09:23.162075
A000343,R000304,d0076,v0084,2025-11-17T21:30:00,2025-11-17T21:48:00,2.662,7.134,18.31,completed,2025-11-13T11:09:23.162917,2025-11-13T11:09:23.162919
A000344,R000877,d0081,v0058,2025-11-17T21:45:00,2025-11-17T22:16:00,2.11,4.874,31.19,assigned,2025-11-13T11:09:23.163750,2025-11-13T11:09:23.163752
A000345,R000500,d0102,v0099,2025-11-17T22:00:00,2025-11-17T23:16:00,7.168,16.558,76.66,assigned,2025-11-13T11:09:23.164605,2025-11-13T11:09:23.164607
A000346,R000644,d0192,v0023,2025-11-17T22:15:00,2025-11-18T00:24:00,13.857,32.01,129.81,started,2025-11-13T11:09:23.165433,2025-11-13T11:09:23.165436
A000347,R000624,d0012,v0082,2025-11-17T22:30:00,2025-11-17T23:55:00,5.287,12.213,85.61,started,2025-11-13T11:09:23.166269,2025-11-13T11:09:23.166271
A000348,R000380,d0052,v0105,2025-11-17T22:45:00,2025-11-18T00:06:00,12.441,33.342,81.07,completed,2025-11-13T11:09:23.167096,2025-11-13T11:09:23.167098
A000349,R000617,d0033,v0039,2025-11-17T23:00:00,2025-11-17T23:05:00,0.676,1.284,5.87,assigned,2025-11-13T11:09:23.167921,2025-11-13T11:09:23.167926
A000350,R000412,d0102,v0022,2025-11-17T23:15:00,2025-11-17T23:17:00,0.281,0.753,2.64,assigned,2025-11-13T11:09:23.168862,2025-11-13T11:09:23.168865
A000351,R000236,d0140,v0022,2025-11-17T23:30:00,2025-11-18T01:22:00,4.986,13.362,112.73,started,2025-11-13T11:09:23.169696,2025-11-13T11:09:23.169699
A000352,R000014,d0014,v0145,2025-11-17T23:45:00,2025-11-18T00:10:00,1.936,4.472,25.81,started,2025-11-13T11:09:23.170536,2025-11-13T11:09:23.170538
A000353,R001169,d0043,v0063,2025-11-18T00:00:00,2025-11-18T00:32:00,2.434,6.523,32.62,assigned,2025-11-13T11:09:23.171361,2025-11-13T11:09:23.171364
A000354,R001165,d0187,v0094,2025-11-18T00:15:00,2025-11-18T00:16:00,0.132,0.354,1.58,started,2025-11-13T11:09:23.172197,2025-11-13T11:09:23.172200
A000355,R000800,d0058,v0137,2025-11-18T00:30:00,2025-11-18T01:56:00,10.808,28.965,86.87,assigned,2025-11-13T11:09:23.173067,2025-11-13T11:09:23.173070
A000356,R000020,d0106,v0141,2025-11-18T00:45:00,2025-11-18T03:19:00,6.336,12.038,154.45,completed,2025-11-13T11:09:23.173906,2025-11-13T11:09:23.173908
A000357,R000190,d0031,v0084,2025-11-18T01:00:00,2025-11-18T02:54:00,9.532,25.546,114.27,completed,2025-11-13T11:09:23.174737,2025-11-13T11:09:23.174739
A000358,R001039,d0007,v0046,2025-11-18T01:15:00,2025-11-18T01:50:00,2.325,5.371,35.86,completed,2025-11-13T11:09:23.175569,2025-11-13T11:09:23.175571
A000359,R000058,d0164,v0089,2025-11-18T01:30:00,2025-11-18T03:25:00,8.821,20.377,115.96,completed,2025-11-13T11:09:23.176413,2025-11-13T11:09:23.176416
A000360,R000563,d0133,v0123,2025-11-18T01:45:00,2025-11-18T03:45:00,4.34,11.631,120.58,started,2025-11-13T11:09:23.177327,2025-11-13T11:09:23.177330
A000361,R000505,d0155,v0064,2025-11-18T02:00:00,2025-11-18T03:47:00,10.158,27.223,107.83,assigned,2025-11-13T11:09:23.178225,2025-11-13T11:09:23.178228
A000362,R001159,d0141,v0034,2025-11-18T02:15:00,2025-11-18T03:35:00,8.77,20.259,80.19,assigned,2025-11-13T11:09:23.179124,2025-11-13T11:09:23.179126
A000363,R000955,d0088,v0004,2025-11-18T02:30:00,2025-11-18T03:29:00,3.494,8.071,59.46,started,2025-11-13T11:09:23.180014,2025-11-13T11:09:23.180017
A000364,R000024,d0136,v0090,2025-11-18T02:45:00,2025-11-18T03:11:00,1.353,2.571,26.67,assigned,2025-11-13T11:09:23.181055,2025-11-13T11:09:23.181058
A000365,R000650,d0165,v0066,2025-11-18T03:00:00,2025-11-18T03:15:00,1.045,1.985,15.64,assigned,2025-11-13T11:09:23.182065,2025-11-13T11:09:23.182068
A000366,R000947,d0172,v0029,2025-11-18T03:15:00,2025-11-18T05:34:00,9.743,18.512,139.91,assigned,2025-11-13T11:09:23.182954,2025-11-13T11:09:23.182959
A000367,R001099,d0184,v0064,2025-11-18T03:30:00,2025-11-18T06:26:00,11.453,30.694,176.96,assigned,2025-11-13T11:09:23.183824,2025-11-13T11:09:23.183826
A000368,R001162,d0148,v0083,2025-11-18T03:45:00,2025-11-18T03:59:00,1.766,4.079,14.41,completed,2025-11-13T11:09:23.184738,2025-11-13T11:09:23.184741
A000369,R000190,d0170,v0126,2025-11-18T04:00:00,2025-11-18T05:54:00,6.81,15.731,114.27,started,2025-11-13T11:09:23.185634,2025-11-13T11:09:23.185637
A000370,R001038,d0022,v0049,2025-11-18T04:15:00,2025-11-18T04:22:00,0.731,1.959,7.2,completed,2025-11-13T11:09:23.186537,2025-11-13T11:09:23.186540
A000371,R000710,d0004,v0144,2025-11-18T04:30:00,2025-11-18T04:53:00,3.793,7.207,23.38,started,2025-11-13T11:09:23.187458,2025-11-13T11:09:23.187461
A000372,R000360,d0119,v0033,2025-11-18T04:45:00,2025-11-18T04:56:00,0.808,1.535,11.43,started,2025-11-13T11:09:23.188413,2025-11-13T11:09:23.188416
A000373,R000498,d0104,v0001,2025-11-18T05:00:00,2025-11-18T07:03:00,8.094,15.379,123.52,completed,2025-11-13T11:09:23.189321,2025-11-13T11:09:23.189325
A000374,R000119,d0139,v0093,2025-11-18T05:15:00,2025-11-18T06:55:00,8.694,20.083,100.54,assigned,2025-11-13T11:09:23.190240,2025-11-13T11:09:23.190243
A000375,R000805,d0061,v0121,2025-11-18T05:30:00,2025-11-18T06:22:00,2.696,7.225,52.95,completed,2025-11-13T11:09:23.191275,2025-11-13T11:09:23.191278
A000376,R000722,d0052,v0095,2025-11-18T05:45:00,2025-11-18T06:37:00,3.242,8.689,52.69,completed,2025-11-13T11:09:23.192266,2025-11-13T11:09:23.192269
A000377,R000201,d0138,v0004,2025-11-18T06:00:00,2025-11-18T07:44:00,4.745,10.961,104.54,completed,2025-11-13T11:09:23.193276,2025-11-13T11:09:23.193279
A000378,R000901,d0001,v0089,2025-11-18T06:15:00,2025-11-18T08:03:00,9.236,21.335,108.84,completed,2025-11-13T11:09:23.194222,2025-11-13T11:09:23.194225
A000379,R000510,d0171,v0064,2025-11-18T06:30:00,2025-11-18T08:12:00,7.246,19.419,102.22,started,2025-11-13T11:09:23.195163,2025-11-13T11:09:23.195166
A000380,R001052,d0105,v0097,2025-11-18T06:45:00,2025-11-18T07:19:00,5.345,14.325,34.14,completed,2025-11-13T11:09:23.196130,2025-11-13T11:09:23.196133
A000381,R000416,d0063,v0013,2025-11-18T07:00:00,2025-11-18T07:09:00,0.777,1.795,9.7,completed,2025-11-13T11:09:23.197122,2025-11-13T11:09:23.197125
A000382,R000776,d0058,v0005,2025-11-18T07:15:00,2025-11-18T07:58:00,2.492,6.679,43.93,started,2025-11-13T11:09:23.198079,2025-11-13T11:09:23.198081
A000383,R001142,d0036,v0140,2025-11-18T07:30:00,2025-11-18T08:06:00,2.081,4.807,36.56,completed,2025-11-13T11:09:23.199025,2025-11-13T11:09:23.199030
A000384,R000417,d0026,v0061,2025-11-18T07:45:00,2025-11-18T08:45:00,2.623,7.03,60.52,started,2025-11-13T11:09:23.200078,2025-11-13T11:09:23.200081
A000385,R000239,d0155,v0128,2025-11-18T08:00:00,2025-11-18T08:59:00,5.451,10.357,59.32,started,2025-11-13T11:09:23.201128,2025-11-13T11:09:23.201131
A000386,R000164,d0087,v0046,2025-11-18T08:15:00,2025-11-18T10:21:00,8.579,19.817,126.43,completed,2025-11-13T11:09:23.202126,2025-11-13T11:09:23.202131
A000387,R000739,d0127,v0110,2025-11-18T08:30:00,2025-11-18T09:11:00,2.288,6.132,41.31,assigned,2025-11-13T11:09:23.203177,2025-11-13T11:09:23.203180
A000388,R000483,d0144,v0012,2025-11-18T08:45:00,2025-11-18T08:47:00,0.477,0.906,2.82,assigned,2025-11-13T11:09:23.204184,2025-11-13T11:09:23.204187
A000389,R000602,d0059,v0008,2025-11-18T09:00:00,2025-11-18T10:16:00,9.487,21.915,76.25,started,2025-11-13T11:09:23.205226,2025-11-13T11:09:23.205229
A000390,R000499,d0130,v0021,2025-11-18T09:15:00,2025-11-18T09:49:00,1.413,2.685,34.12,completed,2025-11-13T11:09:23.206220,2025-11-13T11:09:23.206222
A000391,R000441,d0056,v0076,2025-11-18T09:30:00,2025-11-18T12:12:00,4.342,8.25,162.39,started,2025-11-13T11:09:23.207228,2025-11-13T11:09:23.207233
A000392,R000866,d0170,v0083,2025-11-18T09:45:00,2025-11-18T11:22:00,12.259,28.318,97.93,assigned,2025-11-13T11:09:23.208379,2025-11-13T11:09:23.208383
A000393,R000839,d0058,v0052,2025-11-18T10:00:00,2025-11-18T12:07:00,25.871,49.155,127.53,assigned,2025-11-13T11:09:23.209477,2025-11-13T11:09:23.209481
A000394,R001077,d0126,v0024,2025-11-18T10:15:00,2025-11-18T11:23:00,3.291,7.602,68.5,assigned,2025-11-13T11:09:23.210411,2025-11-13T11:09:23.210414
A000395,R000397,d0122,v0015,2025-11-18T10:30:00,2025-11-18T11:15:00,3.989,9.215,45.24,started,2025-11-13T11:09:23.211439,2025-11-13T11:09:23.211442
A000396,R000900,d0156,v0095,2025-11-18T10:45:00,2025-11-18T11:53:00,4.388,11.76,68.18,started,2025-11-13T11:09:23.212440,2025-11-13T11:09:23.212443
A000397,R000111,d0081,v0062,2025-11-18T11:00:00,2025-11-18T11:42:00,3.421,7.903,42.93,started,2025-11-13T11:09:23.213393,2025-11-13T11:09:23.213396
A000398,R000222,d0103,v0027,2025-11-18T11:15:00,2025-11-18T12:18:00,5.435,14.566,63.67,started,2025-11-13T11:09:23.214360,2025-11-13T11:09:23.214362
A000399,R000295,d0129,v0128,2025-11-18T11:30:00,2025-11-18T12:43:00,3.011,5.721,73.71,completed,2025-11-13T11:09:23.215324,2025-11-13T11:09:23.215327
A000400,R001083,d0109,v0087,2025-11-18T11:45:00,2025-11-18T12:11:00,1.804,4.835,26.8,assigned,2025-11-13T11:09:23.216294,2025-11-13T11:09:23.216297
A000401,R001055,d0146,v0137,2025-11-18T12:00:00,2025-11-18T12:15:00,3.702,9.921,15.32,started,2025-11-13T11:09:23.217257,2025-11-13T11:09:23.217261
A000402,R000068,d0030,v0108,2025-11-18T12:15:00,2025-11-18T13:43:00,19.773,37.569,88.32,completed,2025-11-13T11:09:23.218255,2025-11-13T11:09:23.218258
A000403,R000908,d0138,v0107,2025-11-18T12:30:00,2025-11-18T14:18:00,4.582,8.706,108.41,assigned,2025-11-13T11:09:23.219233,2025-11-13T11:09:23.219237
A000404,R000423,d0078,v0027,2025-11-18T12:45:00,2025-11-18T14:16:00,8.345,22.365,91.15,assigned,2025-11-13T11:09:23.220200,2025-11-13T11:09:23.220203
A000405,R000407,d0076,v0102,2025-11-18T13:00:00,2025-11-18T14:33:00,11.16,21.204,93.67,started,2025-11-13T11:09:23.221216,2025-11-13T11:09:23.221219
A000406,R000358,d0157,v0092,2025-11-18T13:15:00,2025-11-18T14:25:00,3.76,7.144,70.5,assigned,2025-11-13T11:09:23.222169,2025-11-13T11:09:23.222174
A000407,R000668,d0111,v0082,2025-11-18T13:30:00,2025-11-18T14:32:00,3.179,7.343,62.11,assigned,2025-11-13T11:09:23.223143,2025-11-13T11:09:23.223146
A000408,R000453,d0085,v0112,2025-11-18T13:45:00,2025-11-18T15:51:00,11.341,26.198,126.8,completed,2025-11-13T11:09:23.224085,2025-11-13T11:09:23.224090
A000409,R000628,d0162,v0004,2025-11-18T14:00:00,2025-11-18T14:46:00,4.355,10.06,46.65,started,2025-11-13T11:09:23.225041,2025-11-13T11:09:23.225044
A000410,R001063,d0167,v0059,2025-11-18T14:15:00,2025-11-18T14:35:00,0.738,1.705,20.27,started,2025-11-13T11:09:23.226007,2025-11-13T11:09:23.226010
A000411,R000453,d0026,v0085,2025-11-18T14:30:00,2025-11-18T16:36:00,5.593,12.92,126.8,started,2025-11-13T11:09:23.226951,2025-11-13T11:09:23.226954
A000412,R001064,d0009,v0115,2025-11-18T14:45:00,2025-11-18T15:02:00,1.337,2.54,17.11,completed,2025-11-13T11:09:23.227885,2025-11-13T11:09:23.227888
A000413,R000036,d0072,v0049,2025-11-18T15:00:00,2025-11-18T15:28:00,3.56,9.541,28.94,assigned,2025-11-13T11:09:23.228922,2025-11-13T11:09:23.228925
A000414,R000264,d0124,v0008,2025-11-18T15:15:00,2025-11-18T15:53:00,6.449,14.897,38.97,started,2025-11-13T11:09:23.229889,2025-11-13T11:09:23.229892
A000415,R000012,d0068,v0049,2025-11-18T15:30:00,2025-11-18T16:54:00,14.737,39.495,84.43,assigned,2025-11-13T11:09:23.230820,2025-11-13T11:09:23.230823
A000416,R000844,d0085,v0054,2025-11-18T15:45:00,2025-11-18T16:49:00,5.143,13.783,64.19,started,2025-11-13T11:09:23.231791,2025-11-13T11:09:23.231793
A000417,R000359,d0199,v0038,2025-11-18T16:00:00,2025-11-18T17:48:00,7.061,13.416,108.22,completed,2025-11-13T11:09:23.232821,2025-11-13T11:09:23.232824
A000418,R000145,d0148,v0079,2025-11-18T16:15:00,2025-11-18T17:58:00,15.908,42.633,103.35,assigned,2025-11-13T11:09:23.233780,2025-11-13T11:09:23.233783
A000419,R000410,d0167,v0064,2025-11-18T16:30:00,2025-11-18T16:44:00,2.197,5.888,14.12,assigned,2025-11-13T11:09:23.234769,2025-11-13T11:09:23.234772
A000420,R000997,d0173,v0012,2025-11-18T16:45:00,2025-11-18T19:03:00,15.765,29.954,138.54,started,2025-11-13T11:09:23.235772,2025-11-13T11:09:23.235775
A000421,R000892,d0164,v0020,2025-11-18T17:00:00,2025-11-18T19:14:00,12.053,22.901,134.95,assigned,2025-11-13T11:09:23.236807,2025-11-13T11:09:23.236810
A000422,R000002,d0021,v0097,2025-11-18T17:15:00,2025-11-18T18:47:00,5.274,14.134,92.89,completed,2025-11-13T11:09:23.237776,2025-11-13T11:09:23.237779
A000423,R000799,d0032,v0129,2025-11-18T17:30:00,2025-11-18T18:46:00,3.783,7.188,76.47,completed,2025-11-13T11:09:23.238744,2025-11-13T11:09:23.238749
A000424,R000971,d0185,v0034,2025-11-18T17:45:00,2025-11-18T19:20:00,5.359,12.379,95.47,assigned,2025-11-13T11:09:23.239759,2025-11-13T11:09:23.239762
A000425,R000453,d0182,v0121,2025-11-18T18:00:00,2025-11-18T20:06:00,5.755,15.423,126.8,started,2025-11-13T11:09:23.240767,2025-11-13T11:09:23.240770
A000426,R000533,d0001,v0027,2025-11-18T18:15:00,2025-11-18T20:32:00,4.834,12.955,137.62,started,2025-11-13T11:09:23.241750,2025-11-13T11:09:23.241752
A000427,R000524,d0173,v0051,2025-11-18T18:30:00,2025-11-18T18:51:00,1.438,3.322,21.46,started,2025-11-13T11:09:23.242759,2025-11-13T11:09:23.242762
A000428,R000151,d0103,v0030,2025-11-18T18:45:00,2025-11-18T20:12:00,6.294,11.959,87.47,started,2025-11-13T11:09:23.243757,2025-11-13T11:09:23.243760
A000429,R000305,d0095,v0145,2025-11-18T19:00:00,2025-11-18T20:16:00,7.024,16.225,76.29,started,2025-11-13T11:09:23.244812,2025-11-13T11:09:23.244815
A000430,R000333,d0133,v0052,2025-11-18T19:15:00,2025-11-18T19:17:00,1.039,1.974,2.7,assigned,2025-11-13T11:09:23.245796,2025-11-13T11:09:23.245799
A000431,R000961,d0171,v0069,2025-11-18T19:30:00,2025-11-18T20:30:00,2.462,5.687,60.22,assigned,2025-11-13T11:09:23.246788,2025-11-13T11:09:23.246791
A000432,R001142,d0086,v0032,2025-11-18T19:45:00,2025-11-18T20:21:00,6.166,16.525,36.56,completed,2025-11-13T11:09:23.247875,2025-11-13T11:09:23.247878
A000433,R000967,d0034,v0040,2025-11-18T20:00:00,2025-11-18T20:05:00,0.991,2.656,5.61,started,2025-11-13T11:09:23.248923,2025-11-13T11:09:23.248926
A000434,R001101,d0020,v0060,2025-11-18T20:15:00,2025-11-18T21:43:00,6.532,12.411,88.0,started,2025-11-13T11:09:23.249942,2025-11-13T11:09:23.249945
A000435,R001046,d0074,v0042,2025-11-18T20:30:00,2025-11-18T21:51:00,7.901,21.175,81.38,started,2025-11-13T11:09:23.250959,2025-11-13T11:09:23.250962
A000436,R000759,d0017,v0086,2025-11-18T20:45:00,2025-11-18T20:59:00,0.95,2.546,14.07,started,2025-11-13T11:09:23.251949,2025-11-13T11:09:23.251951
A000437,R000763,d0069,v0063,2025-11-18T21:00:00,2025-11-18T22:43:00,8.133,21.796,103.14,assigned,2025-11-13T11:09:23.252966,2025-11-13T11:09:23.252970
A000438,R001172,d0041,v0095,2025-11-18T21:15:00,2025-11-18T22:17:00,4.227,11.328,62.88,started,2025-11-13T11:09:23.253943,2025-11-13T11:09:23.253946
A000439,R000184,d0125,v0137,2025-11-18T21:30:00,2025-11-18T22:24:00,5.764,15.448,54.58,assigned,2025-11-13T11:09:23.254909,2025-11-13T11:09:23.254913
A000440,R000102,d0140,v0129,2025-11-18T21:45:00,2025-11-18T22:13:00,1.206,2.291,28.12,completed,2025-11-13T11:09:23.255896,2025-11-13T11:09:23.255898
A000441,R000014,d0067,v0109,2025-11-18T22:00:00,2025-11-18T22:25:00,2.179,4.14,25.81,started,2025-11-13T11:09:23.256879,2025-11-13T11:09:23.256882
A000442,R001091,d0077,v0041,2025-11-18T22:15:00,2025-11-19T00:15:00,9.035,24.214,120.45,started,2025-11-13T11:09:23.257900,2025-11-13T11:09:23.257903
A000443,R000197,d0177,v0034,2025-11-18T22:30:00,2025-11-18T22:55:00,1.155,2.668,25.09,assigned,2025-11-13T11:09:23.258991,2025-11-13T11:09:23.258996
A000444,R000111,d0186,v0145,2025-11-18T22:45:00,2025-11-18T23:27:00,7.357,16.995,42.93,started,2025-11-13T11:09:23.259996,2025-11-13T11:09:23.260001
A000445,R000829,d0030,v0149,2025-11-18T23:00:00,2025-11-19T00:32:00,7.46,14.174,92.53,started,2025-11-13T11:09:23.261039,2025-11-13T11:09:23.261041
A000446,R000403,d0157,v0093,2025-11-18T23:15:00,2025-11-18T23:23:00,1.753,4.049,8.95,completed,2025-11-13T11:09:23.262033,2025-11-13T11:09:23.262036
A000447,R000415,d0027,v0109,2025-11-18T23:30:00,2025-11-19T00:54:00,10.673,20.279,84.1,completed,2025-11-13T11:09:23.263049,2025-11-13T11:09:23.263052
A000448,R000994,d0164,v0075,2025-11-18T23:45:00,2025-11-18T23:47:00,0.383,1.026,2.68,assigned,2025-11-13T11:09:23.264077,2025-11-13T11:09:23.264080
A000449,R000548,d0050,v0026,2025-11-19T00:00:00,2025-11-19T01:08:00,7.097,19.02,68.42,assigned,2025-11-13T11:09:23.265130,2025-11-13T11:09:23.265133
A000450,R000341,d0141,v0069,2025-11-19T00:15:00,2025-11-19T02:51:00,10.2,23.562,156.17,completed,2025-11-13T11:09:23.266153,2025-11-13T11:09:23.266156
A000451,R001065,d0153,v0139,2025-11-19T00:30:00,2025-11-19T02:23:00,5.361,10.186,113.59,completed,2025-11-13T11:09:23.267177,2025-11-13T11:09:23.267180
A000452,R000847,d0136,v0003,2025-11-19T00:45:00,2025-11-19T01:44:00,2.11,4.874,59.87,started,2025-11-13T11:09:23.268131,2025-11-13T11:09:23.268134
A000453,R000317,d0097,v0040,2025-11-19T01:00:00,2025-11-19T01:21:00,3.58,9.594,21.56,completed,2025-11-13T11:09:23.269116,2025-11-13T11:09:23.269118
A000454,R000429,d0007,v0041,2025-11-19T01:15:00,2025-11-19T01:37:00,3.007,8.059,22.75,assigned,2025-11-13T11:09:23.270022,2025-11-13T11:09:23.270026
A000455,R000311,d0003,v0081,2025-11-19T01:30:00,2025-11-19T02:57:00,14.864,28.242,87.28,assigned,2025-11-13T11:09:23.270983,2025-11-13T11:09:23.270986
A000456,R000570,d0015,v0034,2025-11-19T01:45:00,2025-11-19T03:10:00,2.206,5.096,85.43,assigned,2025-11-13T11:09:23.272243,2025-11-13T11:09:23.272247
A000457,R000062,d0176,v0127,2025-11-19T02:00:00,2025-11-19T04:08:00,7.005,18.773,128.61,assigned,2025-11-13T11:09:23.273568,2025-11-13T11:09:23.273572
A000458,R000861,d0027,v0074,2025-11-19T02:15:00,2025-11-19T03:11:00,4.23,8.037,56.82,completed,2025-11-13T11:09:23.274804,2025-11-13T11:09:23.274807
A000459,R000832,d0036,v0020,2025-11-19T02:30:00,2025-11-19T02:33:00,0.278,0.528,3.54,assigned,2025-11-13T11:09:23.276055,2025-11-13T11:09:23.276059
A000460,R000851,d0184,v0063,2025-11-19T02:45:00,2025-11-19T04:15:00,6.411,17.181,90.73,assigned,2025-11-13T11:09:23.277364,2025-11-13T11:09:23.277368
A000461,R001123,d0082,v0115,2025-11-19T03:00:00,2025-11-19T03:28:00,2.132,4.051,28.17,started,2025-11-13T11:09:23.278551,2025-11-13T11:09:23.278553
A000462,R000533,d0027,v0062,2025-11-19T03:15:00,2025-11-19T05:32:00,5.564,12.853,137.62,assigned,2025-11-13T11:09:23.279513,2025-11-13T11:09:23.279516
A000463,R000374,d0039,v0006,2025-11-19T03:30:00,2025-11-19T04:12:00,4.363,8.29,42.98,assigned,2025-11-13T11:09:23.280883,2025-11-13T11:09:23.280888
A000464,R000059,d0159,v0115,2025-11-19T03:45:00,2025-11-19T04:12:00,1.867,3.547,27.74,started,2025-11-13T11:09:23.282206,2025-11-13T11:09:23.282209
A000465,R000221,d0169,v0141,2025-11-19T04:00:00,2025-11-19T05:07:00,5.182,9.846,67.98,completed,2025-11-13T11:09:23.283240,2025-11-13T11:09:23.283243
A000466,R000709,d0003,v0083,2025-11-19T04:15:00,2025-11-19T05:01:00,4.213,9.732,46.59,completed,2025-11-13T11:09:23.284239,2025-11-13T11:09:23.284243
A000467,R000761,d0054,v0142,2025-11-19T04:30:00,2025-11-19T04:50:00,3.087,8.273,20.19,started,2025-11-13T11:09:23.285355,2025-11-13T11:09:23.285359
A000468,R000183,d0052,v0122,2025-11-19T04:45:00,2025-11-19T05:39:00,8.689,23.287,54.15,started,2025-11-13T11:09:23.286390,2025-11-13T11:09:23.286394
A000469,R000235,d0186,v0134,2025-11-19T05:00:00,2025-11-19T05:37:00,4.632,8.801,37.35,started,2025-11-13T11:09:23.287395,2025-11-13T11:09:23.287399
A000470,R000280,d0065,v0021,2025-11-19T05:15:00,2025-11-19T07:31:00,2.751,5.227,136.89,completed,2025-11-13T11:09:23.288496,2025-11-13T11:09:23.288503
A000471,R000417,d0200,v0054,2025-11-19T05:30:00,2025-11-19T06:30:00,4.877,13.07,60.52,completed,2025-11-13T11:09:23.289529,2025-11-13T11:09:23.289534
A000472,R000003,d0145,v0072,2025-11-19T05:45:00,2025-11-19T06:13:00,1.323,2.514,28.85,completed,2025-11-13T11:09:23.290591,2025-11-13T11:09:23.290596
A000473,R000708,d0197,v0043,2025-11-19T06:00:00,2025-11-19T06:20:00,2.382,4.526,20.37,assigned,2025-11-13T11:09:23.291652,2025-11-13T11:09:23.291656
A000474,R000149,d0102,v0118,2025-11-19T06:15:00,2025-11-19T08:13:00,7.659,20.526,118.17,started,2025-11-13T11:09:23.292753,2025-11-13T11:09:23.292758
A000475,R000675,d0021,v0029,2025-11-19T06:30:00,2025-11-19T06:57:00,1.05,1.995,27.62,assigned,2025-11-13T11:09:23.293754,2025-11-13T11:09:23.293757
A000476,R000127,d0070,v0058,2025-11-19T06:45:00,2025-11-19T08:37:00,12.635,29.187,112.95,started,2025-11-13T11:09:23.294812,2025-11-13T11:09:23.294815
A000477,R000034,d0035,v0028,2025-11-19T07:00:00,2025-11-19T07:41:00,4.895,13.119,41.56,assigned,2025-11-13T11:09:23.295842,2025-11-13T11:09:23.295845
A000478,R000834,d0037,v0018,2025-11-19T07:15:00,2025-11-19T08:23:00,4.885,11.284,68.73,started,2025-11-13T11:09:23.296931,2025-11-13T11:09:23.296935
A000479,R000552,d0169,v0081,2025-11-19T07:30:00,2025-11-19T10:25:00,15.208,28.895,175.28,completed,2025-11-13T11:09:23.297979,2025-11-13T11:09:23.297982
A000480,R000663,d0090,v0011,2025-11-19T07:45:00,2025-11-19T08:10:00,1.9,3.61,25.53,assigned,2025-11-13T11:09:23.299008,2025-11-13T11:09:23.299011
A000481,R000818,d0193,v0138,2025-11-19T08:00:00,2025-11-19T10:35:00,6.643,12.622,155.62,started,2025-11-13T11:09:23.300040,2025-11-13T11:09:23.300045
A000482,R000327,d0117,v0147,2025-11-19T08:15:00,2025-11-19T10:15:00,6.367,12.097,120.28,assigned,2025-11-13T11:09:23.301154,2025-11-13T11:09:23.301157
A000483,R000711,d0140,v0070,2025-11-19T08:30:00,2025-11-19T08:55:00,2.667,5.067,25.63,started,2025-11-13T11:09:23.302167,2025-11-13T11:09:23.302170
A000484,R000881,d0029,v0136,2025-11-19T08:45:00,2025-11-19T10:05:00,5.183,11.973,80.38,assigned,2025-11-13T11:09:23.303232,2025-11-13T11:09:23.303237
A000485,R001055,d0124,v0003,2025-11-19T09:00:00,2025-11-19T09:15:00,0.9,2.079,15.32,assigned,2025-11-13T11:09:23.304605,2025-11-13T11:09:23.304608
A000486,R000184,d0130,v0113,2025-11-19T09:15:00,2025-11-19T10:09:00,3.001,6.932,54.58,completed,2025-11-13T11:09:23.305861,2025-11-13T11:09:23.305864
A000487,R000877,d0049,v0060,2025-11-19T09:30:00,2025-11-19T10:01:00,1.898,3.606,31.19,assigned,2025-11-13T11:09:23.307167,2025-11-13T11:09:23.307172
A000488,R000046,d0182,v0024,2025-11-19T09:45:00,2025-11-19T10:38:00,1.424,3.289,53.4,completed,2025-11-13T11:09:23.308413,2025-11-13T11:09:23.308417
A000489,R001170,d0109,v0083,2025-11-19T10:00:00,2025-11-19T11:44:00,7.546,17.431,104.35,started,2025-11-13T11:09:23.309581,2025-11-13T11:09:23.309585
A000490,R000744,d0156,v0144,2025-11-19T10:15:00,2025-11-19T11:14:00,5.991,11.383,59.14,completed,2025-11-13T11:09:23.310639,2025-11-13T11:09:23.310642
A000491,R000966,d0094,v0006,2025-11-19T10:30:00,2025-11-19T11:51:00,23.534,44.715,81.28,assigned,2025-11-13T11:09:23.311716,2025-11-13T11:09:23.311719
A000492,R000536,d0163,v0051,2025-11-19T10:45:00,2025-11-19T11:58:00,1.253,2.894,73.36,assigned,2025-11-13T11:09:23.312845,2025-11-13T11:09:23.312848
A000493,R000710,d0070,v0039,2025-11-19T11:00:00,2025-11-19T11:23:00,3.251,6.177,23.38,started,2025-11-13T11:09:23.313926,2025-11-13T11:09:23.313929
A000494,R001056,d0169,v0050,2025-11-19T11:15:00,2025-11-19T11:35:00,0.814,2.182,20.81,started,2025-11-13T11:09:23.314988,2025-11-13T11:09:23.314991
A000495,R000097,d0146,v0100,2025-11-19T11:30:00,2025-11-19T12:34:00,10.883,20.678,64.66,started,2025-11-13T11:09:23.316045,2025-11-13T11:09:23.316048
A000496,R000632,d0133,v0092,2025-11-19T11:45:00,2025-11-19T11:55:00,1.259,2.392,10.8,assigned,2025-11-13T11:09:23.317137,2025-11-13T11:09:23.317140
A000497,R001056,d0013,v0037,2025-11-19T12:00:00,2025-11-19T12:20:00,1.297,3.476,20.81,completed,2025-11-13T11:09:23.318138,2025-11-13T11:09:23.318141
A000498,R000378,d0047,v0070,2025-11-19T12:15:00,2025-11-19T14:05:00,4.394,8.349,110.08,assigned,2025-11-13T11:09:23.319108,2025-11-13T11:09:23.319111
A000499,R000241,d0012,v0022,2025-11-19T12:30:00,2025-11-19T13:11:00,1.796,4.813,41.1,assigned,2025-11-13T11:09:23.320078,2025-11-13T11:09:23.320082
A000500,R000467,d0160,v0077,2025-11-19T12:45:00,2025-11-19T15:06:00,7.789,17.993,141.29,completed,2025-11-13T11:09:23.321135,2025-11-13T11:09:23.321138
