trip_id,assignment_id,driver_id,vehicle_id,route_id,start_time,end_time,distance_km,duration_min,fuel_before_l,fuel_after_l,fuel_used_l,co2_kg,avg_speed_kmph,stop_count,anomaly_flag,geo_trace,created_at,fuel_type,fuel_efficiency_l_per_km,predicted_fuel_l
T000001,A000417,d0199,v0038,R000359,2025-11-18 16:00:00,2025-11-18 17:56:00,35.22,116,39.29,34.43,7.16,19.0375,18.22,76,False,[],2025-11-13 11:09:24.181002,cng,0.0827129859387924,7.615
T000002,A000399,d0129,v0128,R000295,2025-11-18 11:30:00,2025-11-18 12:41:00,25.75,71,46.34,11.7,2.992,7.06,21.76,11,False,[],2025-11-13 11:09:24.182464,cng,0.0706713780918728,2.824
T000003,A000241,d0120,v0051,R000643,2025-11-16 20:00:00,2025-11-16 21:00:00,15.71,60,21.32,22.13,1.298,3.3024999999999998,15.71,39,False,[],2025-11-13 11:09:24.183849,petrol,0.053163211057947905,1.321
T000004,A000303,d0012,v0045,R000747,2025-11-17 11:30:00,2025-11-17 12:05:00,22.66,35,24.28,24.19,5.501,13.6825,38.85,24,False,[],2025-11-13 11:09:24.185314,petrol,0.07880220646178093,5.473
T000005,A000278,d0088,v0015,R001102,2025-11-17 05:15:00,2025-11-17 05:21:00,2.76,6,47.43,17.25,0.481,1.0525,27.6,8,False,[],2025-11-13 11:09:24.186693,petrol,0.061500615006150054,0.421
T000006,A000375,d0061,v0121,R000805,2025-11-18 05:30:00,2025-11-18 06:25:00,19.03,55,20.36,20.65,3.353,7.6425,20.76,21,False,[],2025-11-13 11:09:24.188065,diesel,0.056947608200455586,3.057
T000007,A000298,d0191,v0134,R000381,2025-11-17 10:15:00,2025-11-17 10:29:00,4.62,14,32.19,22.67,1.108,2.5,19.8,7,False,[],2025-11-13 11:09:24.189428,cng,0.08038585209003216,1.0
T000008,A000197,d0097,v0069,R000375,2025-11-16 09:00:00,2025-11-16 10:08:00,47.5,68,25.82,18.64,6.832,12.684999999999999,41.91,123,False,[],2025-11-13 11:09:24.190700,petrol,0.0508130081300813,5.074
T000009,A000117,d0112,v0130,R000823,2025-11-15 13:00:00,2025-11-15 13:03:00,3.39,3,51.26,18.49,0.73,1.55,67.8,2,False,[],2025-11-13 11:09:24.192073,cng,0.06305170239596469,0.62
T000010,A000210,d0024,v0022,R001185,2025-11-16 12:15:00,2025-11-16 13:51:00,35.75,96,34.2,36.06,12.661,28.1475,22.34,39,False,[],2025-11-13 11:09:24.193347,diesel,0.05144032921810699,11.259
T000011,A000085,d0165,v0068,R000115,2025-11-15 05:00:00,2025-11-15 05:26:00,15.84,26,34.35,18.32,3.33,7.3625,36.55,21,False,[],2025-11-13 11:09:24.194679,diesel,0.06788866259334692,2.945
T000012,A000330,d0018,v0096,R000753,2025-11-17 18:15:00,2025-11-17 18:40:00,7.27,25,31.32,13.16,1.625,3.23,17.45,20,False,[],2025-11-13 11:09:24.195929,petrol,0.05656108597285068,1.292
T000013,A000179,d0141,v0095,R001028,2025-11-16 04:30:00,2025-11-16 05:11:00,17.58,41,57.32,32.3,2.28,6.215000000000001,25.73,36,False,[],2025-11-13 11:09:24.197257,diesel,0.05178663904712585,2.486
T000014,A000139,d0044,v0044,R000989,2025-11-15 18:30:00,2025-11-15 21:17:00,55.57,167,47.24,39.26,13.192,32.625,19.97,139,False,[],2025-11-13 11:09:24.198462,cng,0.052029136316337155,13.05
T000015,A000172,d0156,v0107,R000739,2025-11-16 02:45:00,2025-11-16 03:27:00,23.54,42,59.95,34.85,2.865,6.475,33.63,12,False,[],2025-11-13 11:09:24.199742,cng,0.0564652738565782,2.59
T000016,A000297,d0136,v0103,R001069,2025-11-17 10:00:00,2025-11-17 10:59:00,25.64,59,29.31,25.54,4.041,10.1975,26.07,64,False,[],2025-11-13 11:09:24.201068,cng,0.078003120124805,4.079
T000017,A000005,d0144,v0078,R001100,2025-11-14 09:00:00,2025-11-14 09:34:00,41.16,34,57.99,34.62,5.551,14.690000000000001,72.64,49,False,[],2025-11-13 11:09:24.202359,petrol,0.05970149253731343,5.876
T000018,A000338,d0183,v0004,R000461,2025-11-17 20:15:00,2025-11-17 20:29:00,6.66,14,36.26,17.9,0.999,2.6075,28.54,9,False,[],2025-11-13 11:09:24.203589,petrol,0.07745933384972889,1.043
T000019,A000452,d0136,v0003,R000847,2025-11-19 00:45:00,2025-11-19 01:53:00,24.5,68,47.95,10.85,1.944,5.9575,21.62,20,False,[],2025-11-13 11:09:24.204923,petrol,0.05549389567147614,2.383
T000020,A000485,d0124,v0003,R001055,2025-11-19 09:00:00,2025-11-19 09:18:00,11.9,18,25.19,34.65,0.768,2.12,39.67,28,False,[],2025-11-13 11:09:24.206183,petrol,0.05549389567147614,0.848
T000021,A000475,d0021,v0029,R000675,2025-11-19 06:30:00,2025-11-19 07:00:00,7.81,30,38.64,35.43,1.276,2.8725,15.62,22,False,[],2025-11-13 11:09:24.207434,cng,0.05605381165919283,1.149
T000022,A000423,d0032,v0129,R000799,2025-11-18 17:30:00,2025-11-18 18:50:00,24.98,80,41.48,37.78,4.156,9.6775,18.74,53,False,[],2025-11-13 11:09:24.208703,cng,0.053163211057947905,3.871
T000023,A000447,d0027,v0109,R000415,2025-11-18 23:30:00,2025-11-19 00:49:00,33.95,79,20.01,16.3,10.846,25.52,25.78,87,False,[],2025-11-13 11:09:24.210032,cng,0.07867820613690008,10.208
T000024,A000265,d0010,v0106,R000997,2025-11-17 02:00:00,2025-11-17 04:51:00,54.14,171,21.14,20.41,7.118,18.9025,19.0,105,False,[],2025-11-13 11:09:24.211298,petrol,0.050050050050050046,7.561
T000025,A000466,d0003,v0083,R000709,2025-11-19 04:15:00,2025-11-19 05:01:00,17.8,46,25.38,25.51,4.15,11.1775,23.22,51,False,[],2025-11-13 11:09:24.212579,petrol,0.08090614886731393,4.471
T000026,A000235,d0020,v0073,R000409,2025-11-16 18:30:00,2025-11-16 19:22:00,18.32,52,20.97,14.26,2.94,9.2775,21.14,7,False,[],2025-11-13 11:09:24.213889,cng,0.06053268765133172,3.711
T000027,A000227,d0177,v0029,R000934,2025-11-16 16:30:00,2025-11-16 17:53:00,27.16,83,59.03,19.59,4.268,13.157499999999999,19.63,70,False,[],2025-11-13 11:09:24.215148,cng,0.05605381165919283,5.263
T000028,A000366,d0172,v0029,R000947,2025-11-18 03:15:00,2025-11-18 05:37:00,53.08,142,47.73,24.24,10.232,23.46,22.43,109,False,[],2025-11-13 11:09:24.216457,cng,0.05605381165919283,9.384
T000029,A000008,d0154,v0064,R000168,2025-11-14 09:45:00,2025-11-14 12:19:00,58.39,154,41.91,13.87,13.253,30.0875,22.75,159,False,[],2025-11-13 11:09:24.217772,diesel,0.078125,12.035
T000030,A000252,d0178,v0033,R000036,2025-11-16 22:45:00,2025-11-16 23:12:00,10.13,27,52.8,35.9,0.608,1.9500000000000002,22.51,12,False,[],2025-11-13 11:09:24.219034,cng,0.0572737686139748,0.78
T000031,A000104,d0177,v0131,R000537,2025-11-15 09:45:00,2025-11-15 11:04:00,30.7,79,36.41,23.41,5.385,14.225000000000001,23.32,44,False,[],2025-11-13 11:09:24.220358,diesel,0.06305170239596469,5.69
T000032,A000371,d0004,v0144,R000710,2025-11-18 04:30:00,2025-11-18 04:58:00,15.31,28,51.01,16.72,4.062,9.389999999999999,32.81,17,False,[],2025-11-13 11:09:24.221642,cng,0.0547945205479452,3.756
T000033,A000259,d0139,v0111,R000614,2025-11-17 00:30:00,2025-11-17 00:41:00,7.32,11,37.64,20.8,1.335,3.075,39.93,14,False,[],2025-11-13 11:09:24.222909,cng,0.06644518272425248,1.23
T000034,A000184,d0034,v0123,R001082,2025-11-16 05:45:00,2025-11-16 09:23:00,58.53,218,53.26,30.53,8.166,18.7225,16.11,130,False,[],2025-11-13 11:09:24.224182,diesel,0.054884742041712405,7.489
T000035,A000011,d0011,v0007,R000980,2025-11-14 10:30:00,2025-11-14 11:02:00,28.86,32,24.91,11.77,5.053,10.1725,54.11,70,False,[],2025-11-13 11:09:24.225738,diesel,0.06024096385542168,4.069
T000036,A000077,d0068,v0068,R000428,2025-11-15 03:00:00,2025-11-15 04:47:00,55.89,107,26.41,37.0,12.034,32.53,31.34,156,False,[],2025-11-13 11:09:24.227257,diesel,0.06788866259334692,13.012
T000037,A000282,d0117,v0017,R000961,2025-11-17 06:15:00,2025-11-17 07:15:00,25.33,60,26.7,11.41,3.418,9.040000000000001,25.33,37,False,[],2025-11-13 11:09:24.228541,diesel,0.05652911249293386,3.616
T000038,A000036,d0027,v0060,R000291,2025-11-14 16:45:00,2025-11-14 17:11:00,19.36,26,50.39,34.89,4.276,9.9925,44.68,18,False,[],2025-11-13 11:09:24.229816,cng,0.058997050147492625,3.997
T000039,A000042,d0083,v0061,R000461,2025-11-14 18:15:00,2025-11-14 18:28:00,6.66,13,41.71,35.54,0.816,1.9675,30.74,9,False,[],2025-11-13 11:09:24.231049,diesel,0.06514657980456026,0.787
T000040,A000493,d0070,v0039,R000710,2025-11-19 11:00:00,2025-11-19 11:25:00,15.31,25,39.74,29.9,2.961,7.415000000000001,36.74,17,False,[],2025-11-13 11:09:24.232271,cng,0.0547945205479452,2.966
T000041,A000373,d0104,v0001,R000498,2025-11-18 05:00:00,2025-11-18 07:30:00,58.42,150,39.51,28.12,8.816,21.545,23.37,154,False,[],2025-11-13 11:09:24.233548,cng,0.07530120481927711,8.618
T000042,A000121,d0118,v0006,R000864,2025-11-15 14:00:00,2025-11-15 14:19:00,11.62,19,22.49,17.29,4.227,0.0,36.69,7,True,[],2025-11-13 11:09:24.234819,cng,0.07651109410864575,3.425
T000043,A000262,d0129,v0042,R000564,2025-11-17 01:15:00,2025-11-17 02:53:00,48.5,98,24.36,38.97,8.862,20.582500000000003,29.69,54,False,[],2025-11-13 11:09:24.236029,diesel,0.08084074373484236,8.233
T000044,A000140,d0111,v0027,R000553,2025-11-15 18:45:00,2025-11-15 20:36:00,41.05,111,31.46,30.49,6.751,15.432500000000001,22.19,63,False,[],2025-11-13 11:09:24.237538,diesel,0.05837711617046118,6.173
T000045,A000279,d0002,v0063,R000888,2025-11-17 05:30:00,2025-11-17 07:18:00,33.91,108,53.73,31.53,3.698,9.385,18.84,42,False,[],2025-11-13 11:09:24.238774,diesel,0.08176614881439084,3.754
T000046,A000269,d0157,v0012,R000897,2025-11-17 03:00:00,2025-11-17 04:22:00,42.9,82,59.67,12.02,12.84,29.3275,31.39,92,False,[],2025-11-13 11:09:24.240010,cng,0.0643915003219575,11.731
T000047,A000281,d0124,v0058,R000130,2025-11-17 06:00:00,2025-11-17 06:48:00,12.58,48,57.46,38.52,3.099,7.795,15.72,15,False,[],2025-11-13 11:09:24.241312,petrol,0.05414185165132648,3.118
T000048,A000009,d0037,v0037,R001087,2025-11-14 10:00:00,2025-11-14 11:25:00,55.19,85,21.86,22.18,11.206,28.91,38.96,90,False,[],2025-11-13 11:09:24.242550,diesel,0.06397952655150352,11.564
T000049,A000291,d0092,v0027,R001063,2025-11-17 08:30:00,2025-11-17 08:47:00,6.4,17,51.63,26.23,0.943,2.4975,22.59,10,False,[],2025-11-13 11:09:24.243842,diesel,0.05837711617046118,0.999
T000050,A000271,d0019,v0095,R000517,2025-11-17 03:30:00,2025-11-17 04:59:00,36.94,89,41.23,37.19,4.127,9.1725,24.9,97,False,[],2025-11-13 11:09:24.245097,diesel,0.05178663904712585,3.669
T000051,A000349,d0033,v0039,R000617,2025-11-17 23:00:00,2025-11-17 23:05:00,3.18,5,44.19,31.91,0.722,1.7374999999999998,38.16,4,False,[],2025-11-13 11:09:24.246295,cng,0.0547945205479452,0.695
T000052,A000421,d0164,v0020,R000892,2025-11-18 17:00:00,2025-11-18 19:35:00,50.22,155,34.4,12.51,11.228,27.525,19.44,71,False,[],2025-11-13 11:09:24.247532,cng,0.06587615283267458,11.01
T000053,A000345,d0102,v0099,R000500,2025-11-17 22:00:00,2025-11-17 23:05:00,40.84,65,54.62,27.64,8.411,16.7225,37.7,47,False,[],2025-11-13 11:09:24.248784,petrol,0.05558643690939411,6.689
T000054,A000167,d0022,v0083,R000138,2025-11-16 01:30:00,2025-11-16 02:36:00,16.54,66,24.41,23.41,4.082,10.04,15.04,12,False,[],2025-11-13 11:09:24.250082,petrol,0.08090614886731393,4.016
T000055,A000400,d0109,v0087,R001083,2025-11-18 11:45:00,2025-11-18 12:17:00,20.74,32,49.84,37.82,2.241,4.109999999999999,38.89,43,False,[],2025-11-13 11:09:24.251329,diesel,0.05055611729019211,1.644
T000056,A000348,d0052,v0105,R000380,2025-11-17 22:45:00,2025-11-18 00:01:00,53.25,76,21.76,19.47,13.512,29.020000000000003,42.04,130,False,[],2025-11-13 11:09:24.252632,diesel,0.06195786864931846,11.608
T000057,A000429,d0095,v0145,R000305,2025-11-18 19:00:00,2025-11-18 20:22:00,51.22,82,41.09,23.04,7.333,15.99,37.48,84,False,[],2025-11-13 11:09:24.253947,petrol,0.06238303181534622,6.396
T000058,A000309,d0176,v0040,R000660,2025-11-17 13:00:00,2025-11-17 13:42:00,29.41,42,44.29,38.07,5.758,13.545,42.01,23,False,[],2025-11-13 11:09:24.255240,diesel,0.07092198581560284,5.418
T000059,A000039,d0024,v0026,R001072,2025-11-14 17:30:00,2025-11-14 18:44:00,54.39,74,48.22,17.44,15.43,42.295,44.1,10,False,[],2025-11-13 11:09:24.256535,diesel,0.0632111251580278,16.918
T000060,A000370,d0022,v0049,R001038,2025-11-18 04:15:00,2025-11-18 04:22:00,3.28,7,31.67,28.49,0.699,1.6500000000000001,28.11,4,False,[],2025-11-13 11:09:24.257716,diesel,0.08097165991902834,0.66
T000061,A000044,d0056,v0085,R000007,2025-11-14 18:45:00,2025-11-14 20:26:00,55.22,101,22.38,25.46,5.136,12.315000000000001,32.8,103,False,[],2025-11-13 11:09:24.258858,petrol,0.05068423720223011,4.926
T000062,A000307,d0139,v0111,R000018,2025-11-17 12:30:00,2025-11-17 13:06:00,20.61,36,45.49,17.74,5.93,11.247499999999999,34.35,3,False,[],2025-11-13 11:09:24.260102,cng,0.06644518272425248,4.499
T000063,A000146,d0109,v0101,R000868,2025-11-15 20:15:00,2025-11-15 22:17:00,52.36,122,42.45,38.66,9.823,17.8925,25.75,140,False,[],2025-11-13 11:09:24.261388,petrol,0.05184033177812338,7.157
T000064,A000100,d0156,v0067,R000150,2025-11-15 08:45:00,2025-11-15 10:44:00,48.78,119,23.0,39.97,11.869,32.075,24.59,76,False,[],2025-11-13 11:09:24.262612,diesel,0.06281407035175879,12.83
T000065,A000378,d0001,v0089,R000901,2025-11-18 06:15:00,2025-11-18 07:53:00,37.0,98,28.94,12.9,7.979,22.4375,22.65,84,False,[],2025-11-13 11:09:24.263838,petrol,0.05170630816959669,8.975
T000066,A000439,d0125,v0137,R000184,2025-11-18 21:30:00,2025-11-18 22:34:00,27.22,64,46.53,16.9,5.4,14.1675,25.52,23,False,[],2025-11-13 11:09:24.265097,diesel,0.06565988181221273,5.667
T000067,A000292,d0100,v0143,R000532,2025-11-17 08:45:00,2025-11-17 10:40:00,45.53,115,26.32,31.62,11.045,28.0375,23.75,70,False,[],2025-11-13 11:09:24.266262,cng,0.059844404548174746,11.215
T000068,A000219,d0030,v0019,R000179,2025-11-16 14:30:00,2025-11-16 16:08:00,29.73,98,28.03,23.97,3.457,7.112500000000001,18.2,48,False,[],2025-11-13 11:09:24.267469,petrol,0.060024009603841535,2.845
T000069,A000191,d0187,v0055,R000939,2025-11-16 07:30:00,2025-11-16 07:58:00,27.49,28,51.05,10.01,5.061,13.505,58.91,29,False,[],2025-11-13 11:09:24.268814,petrol,0.05387931034482759,5.402
T000070,A000022,d0118,v0121,R000274,2025-11-14 13:15:00,2025-11-14 14:53:00,41.76,98,51.28,19.7,4.008,10.607500000000002,25.57,11,False,[],2025-11-13 11:09:24.270144,diesel,0.056947608200455586,4.243
T000071,A000419,d0167,v0064,R000410,2025-11-18 16:30:00,2025-11-18 16:42:00,10.23,12,26.66,18.26,1.88,6.2075000000000005,51.15,10,False,[],2025-11-13 11:09:24.271569,diesel,0.078125,2.483
T000072,A000169,d0107,v0136,R000692,2025-11-16 02:00:00,2025-11-16 04:02:00,47.08,122,23.56,25.08,6.379,16.6475,23.15,57,False,[],2025-11-13 11:09:24.272922,petrol,0.054318305268875614,6.659
T000073,A000228,d0112,v0102,R000551,2025-11-16 16:45:00,2025-11-16 18:17:00,37.4,92,38.52,19.72,6.314,17.3725,24.39,43,False,[],2025-11-13 11:09:24.274175,cng,0.07042253521126761,6.949
T000074,A000436,d0017,v0086,R000759,2025-11-18 20:45:00,2025-11-18 20:58:00,5.73,13,31.47,10.69,1.046,2.62,26.45,10,False,[],2025-11-13 11:09:24.275415,diesel,0.062421972534332085,1.048
T000075,A000442,d0077,v0041,R001091,2025-11-18 22:15:00,2025-11-18 23:57:00,44.28,102,59.03,19.39,10.736,24.9025,26.05,78,False,[],2025-11-13 11:09:24.276734,diesel,0.07122507122507123,9.961
T000076,A000096,d0041,v0101,R001111,2025-11-15 07:45:00,2025-11-15 10:43:00,35.62,178,51.33,17.46,3.097,7.6025,12.01,96,False,[],2025-11-13 11:09:24.277937,petrol,0.05184033177812338,3.041
T000077,A000387,d0127,v0110,R000739,2025-11-18 08:30:00,2025-11-18 09:19:00,23.54,49,22.24,21.66,2.418,6.1075,28.82,12,False,[],2025-11-13 11:09:24.279127,diesel,0.06345177664974619,2.443
T000078,A000251,d0010,v0118,R000282,2025-11-16 22:30:00,2025-11-17 00:51:00,40.13,141,56.42,25.98,6.195,16.4875,17.08,46,False,[],2025-11-13 11:09:24.280394,diesel,0.07230657989877079,6.595
T000079,A000158,d0081,v0125,R000124,2025-11-15 23:15:00,2025-11-15 23:29:00,5.48,14,26.78,11.54,0.447,1.1075,23.49,9,False,[],2025-11-13 11:09:24.281709,diesel,0.0510204081632653,0.443
T000080,A000057,d0016,v0021,R000799,2025-11-14 22:00:00,2025-11-14 23:26:00,24.98,86,23.24,12.95,3.041,7.697500000000001,17.43,53,False,[],2025-11-13 11:09:24.282964,cng,0.053134962805526036,3.079
T000081,A000075,d0105,v0075,R000446,2025-11-15 02:30:00,2025-11-15 02:41:00,10.18,11,55.74,20.87,3.768,11.57,55.53,3,False,[],2025-11-13 11:09:24.284269,diesel,0.0563063063063063,4.628
T000082,A000149,d0064,v0033,R001100,2025-11-15 21:00:00,2025-11-15 21:41:00,41.16,41,30.74,22.95,4.527,11.232500000000002,60.23,49,False,[],2025-11-13 11:09:24.285554,cng,0.0572737686139748,4.493
T000083,A000393,d0058,v0052,R000839,2025-11-18 10:00:00,2025-11-18 12:23:00,52.76,143,55.48,25.73,31.582,61.13,22.14,78,False,[],2025-11-13 11:09:24.286877,cng,0.07770007770007771,24.452
T000084,A000336,d0019,v0054,R000033,2025-11-17 19:45:00,2025-11-17 20:27:00,15.66,42,51.55,15.59,2.954,8.8475,22.37,16,False,[],2025-11-13 11:09:24.288181,diesel,0.05350454788657035,3.539
T000085,A000062,d0079,v0061,R000528,2025-11-14 23:15:00,2025-11-15 00:23:00,21.94,68,54.57,31.65,2.689,6.677499999999999,19.36,58,False,[],2025-11-13 11:09:24.289538,diesel,0.06514657980456026,2.671
T000086,A000500,d0160,v0077,R000467,2025-11-19 12:45:00,2025-11-19 15:37:00,36.33,172,50.33,13.86,8.818,21.9075,12.67,46,False,[],2025-11-13 11:09:24.290848,petrol,0.08223684210526316,8.763
T000087,A000473,d0197,v0043,R000708,2025-11-19 06:00:00,2025-11-19 06:24:00,11.14,24,40.96,33.22,2.674,5.5925,27.85,32,False,[],2025-11-13 11:09:24.292184,cng,0.06514657980456026,2.237
T000088,A000101,d0170,v0029,R000113,2025-11-15 09:00:00,2025-11-15 10:00:00,40.59,60,20.84,23.83,7.054,16.6475,40.59,79,False,[],2025-11-13 11:09:24.293582,cng,0.05605381165919283,6.659
T000089,A000389,d0059,v0008,R000602,2025-11-18 09:00:00,2025-11-18 10:32:00,38.84,92,35.24,21.64,8.822,25.13,25.33,84,False,[],2025-11-13 11:09:24.294956,petrol,0.06988120195667365,10.052
T000090,A000449,d0050,v0026,R000548,2025-11-19 00:00:00,2025-11-19 01:08:00,30.69,68,54.23,25.98,7.526,18.8475,27.08,57,False,[],2025-11-13 11:09:24.296217,diesel,0.0632111251580278,7.539
T000091,A000065,d0188,v0117,R000510,2025-11-15 00:00:00,2025-11-15 02:03:00,50.57,123,49.88,17.29,8.252,0.0,24.67,151,True,[],2025-11-13 11:09:24.297724,petrol,0.06464124111182934,6.403
T000092,A000415,d0068,v0049,R000012,2025-11-18 15:30:00,2025-11-18 16:55:00,58.69,85,58.92,29.86,16.5,39.2,41.43,26,False,[],2025-11-13 11:09:24.299057,diesel,0.08097165991902834,15.68
T000093,A000127,d0044,v0047,R000768,2025-11-15 15:30:00,2025-11-15 17:17:00,45.92,107,43.44,32.22,8.903,24.35,25.75,24,False,[],2025-11-13 11:09:24.300443,petrol,0.08203445447087777,9.74
T000094,A000362,d0141,v0034,R001159,2025-11-18 02:15:00,2025-11-18 03:50:00,59.07,95,52.36,30.79,10.126,22.0,37.31,62,False,[],2025-11-13 11:09:24.301739,petrol,0.06230529595015576,8.8
T000095,A000478,d0037,v0018,R000834,2025-11-19 07:15:00,2025-11-19 08:20:00,55.35,65,46.46,27.99,5.54,14.0175,51.09,75,False,[],2025-11-13 11:09:24.303133,petrol,0.06402048655569782,5.607
T000096,A000198,d0052,v0139,R000630,2025-11-16 09:15:00,2025-11-16 09:34:00,3.95,19,34.05,20.74,0.46,1.2525,12.47,3,False,[],2025-11-13 11:09:24.304641,cng,0.05952380952380952,0.501
T000097,A000012,d0148,v0050,R001058,2025-11-14 10:45:00,2025-11-14 12:21:00,39.75,96,30.14,10.68,4.167,12.08,24.84,12,False,[],2025-11-13 11:09:24.306086,diesel,0.06234413965087282,4.832
T000098,A000034,d0159,v0150,R001156,2025-11-14 16:15:00,2025-11-14 19:20:00,45.99,185,44.34,20.18,17.622,37.1075,14.92,46,False,[],2025-11-13 11:09:24.307524,diesel,0.0819672131147541,14.843
T000099,A000406,d0157,v0092,R000358,2025-11-18 13:15:00,2025-11-18 14:23:00,34.93,68,57.5,31.03,3.406,10.235000000000001,30.82,56,False,[],2025-11-13 11:09:24.309222,cng,0.05927682276229994,4.094
T000100,A000231,d0012,v0128,R001065,2025-11-16 17:30:00,2025-11-16 19:21:00,35.55,111,35.83,22.04,4.673,10.18,19.22,6,False,[],2025-11-13 11:09:24.310824,cng,0.0706713780918728,4.072
T000101,A000300,d0121,v0049,R000121,2025-11-17 10:45:00,2025-11-17 12:15:00,57.36,90,42.59,17.06,12.701,32.885,38.24,108,False,[],2025-11-13 11:09:24.312261,diesel,0.08097165991902834,13.154
T000102,A000405,d0076,v0102,R000407,2025-11-18 13:00:00,2025-11-18 14:35:00,54.93,95,25.61,27.92,10.67,25.2875,34.69,44,False,[],2025-11-13 11:09:24.313683,cng,0.07042253521126761,10.115
T000103,A000181,d0144,v0103,R000635,2025-11-16 05:00:00,2025-11-16 07:37:00,44.99,157,53.45,29.42,10.012,26.3825,17.19,83,False,[],2025-11-13 11:09:24.315104,cng,0.078003120124805,10.553
T000104,A000168,d0018,v0097,R000008,2025-11-16 01:45:00,2025-11-16 04:07:00,45.2,142,56.25,25.8,7.289,18.759999999999998,19.1,76,False,[],2025-11-13 11:09:24.316359,diesel,0.06389776357827476,7.504
T000105,A000342,d0101,v0064,R000608,2025-11-17 21:15:00,2025-11-17 22:26:00,45.8,71,47.65,10.55,6.399,19.337500000000002,38.7,34,False,[],2025-11-13 11:09:24.317752,diesel,0.078125,7.735
T000106,A000194,d0040,v0073,R001147,2025-11-16 08:15:00,2025-11-16 08:36:00,8.03,21,57.73,34.76,1.313,2.9475000000000002,22.94,7,False,[],2025-11-13 11:09:24.319117,cng,0.06053268765133172,1.179
T000107,A000347,d0012,v0082,R000624,2025-11-17 22:30:00,2025-11-17 23:50:00,56.1,80,56.29,29.84,6.389,13.185,42.08,136,False,[],2025-11-13 11:09:24.320621,petrol,0.06341154090044389,5.274
T000108,A000202,d0163,v0095,R000242,2025-11-16 10:15:00,2025-11-16 10:38:00,7.5,23,46.27,10.62,0.765,2.2600000000000002,19.57,20,False,[],2025-11-13 11:09:24.322146,diesel,0.05178663904712585,0.904
T000109,A000434,d0020,v0060,R001101,2025-11-18 20:15:00,2025-11-18 22:02:00,29.66,107,58.49,17.08,5.99,16.1525,16.63,16,False,[],2025-11-13 11:09:24.323509,cng,0.058997050147492625,6.461
T000110,A000283,d0171,v0062,R000448,2025-11-17 06:30:00,2025-11-17 07:45:00,25.27,75,23.51,22.96,3.429,7.5825,20.22,7,False,[],2025-11-13 11:09:24.324944,petrol,0.06313131313131314,3.033
T000111,A000109,d0182,v0050,R000276,2025-11-15 11:00:00,2025-11-15 12:44:00,45.66,104,43.75,18.18,4.756,15.440000000000001,26.34,46,False,[],2025-11-13 11:09:24.326311,diesel,0.06234413965087282,6.176
T000112,A000113,d0117,v0078,R000175,2025-11-15 12:00:00,2025-11-15 12:28:00,10.4,28,32.77,33.87,1.754,3.67,22.29,27,False,[],2025-11-13 11:09:24.327642,petrol,0.05970149253731343,1.468
T000113,A000468,d0052,v0122,R000183,2025-11-19 04:45:00,2025-11-19 05:41:00,24.31,56,36.31,28.82,7.911,21.244999999999997,26.05,63,False,[],2025-11-13 11:09:24.329032,diesel,0.06514657980456026,8.498
T000114,A000467,d0054,v0142,R000761,2025-11-19 04:30:00,2025-11-19 04:54:00,16.74,24,37.45,28.13,2.904,0.0,41.85,28,True,[],2025-11-13 11:09:24.330403,diesel,0.05640157924421884,3.404
T000115,A000213,d0132,v0083,R000989,2025-11-16 13:00:00,2025-11-16 15:32:00,55.57,152,23.41,19.31,14.77,33.7425,21.94,139,False,[],2025-11-13 11:09:24.331658,petrol,0.08090614886731393,13.497
T000116,A000248,d0058,v0085,R000830,2025-11-16 21:45:00,2025-11-17 00:42:00,55.48,177,27.56,11.84,5.078,10.780000000000001,18.81,48,False,[],2025-11-13 11:09:24.332994,petrol,0.05068423720223011,4.312
T000117,A000019,d0125,v0137,R000886,2025-11-14 12:30:00,2025-11-14 14:28:00,33.7,118,49.88,24.58,7.523,21.95,17.14,38,False,[],2025-11-13 11:09:24.334273,diesel,0.06565988181221273,8.78
T000118,A000482,d0117,v0147,R000327,2025-11-19 08:15:00,2025-11-19 10:20:00,48.32,125,45.84,23.76,7.737,18.2425,23.19,139,False,[],2025-11-13 11:09:24.335545,cng,0.05589714924538848,7.297
T000119,A000263,d0089,v0019,R000428,2025-11-17 01:30:00,2025-11-17 03:35:00,55.89,125,42.36,22.14,8.24,18.145,26.83,156,False,[],2025-11-13 11:09:24.336895,petrol,0.060024009603841535,7.258
T000120,A000249,d0170,v0045,R000556,2025-11-16 22:00:00,2025-11-16 23:58:00,43.85,118,36.77,13.79,13.801,32.9325,22.3,2,False,[],2025-11-13 11:09:24.338144,petrol,0.07880220646178093,13.173
T000121,A000237,d0097,v0024,R000478,2025-11-16 19:00:00,2025-11-16 20:20:00,47.4,80,43.38,13.34,6.815,13.8675,35.55,130,False,[],2025-11-13 11:09:24.339424,petrol,0.058823529411764705,5.547
T000122,A000222,d0058,v0148,R000261,2025-11-16 15:15:00,2025-11-16 16:22:00,19.25,67,49.16,30.54,5.595,12.837499999999999,17.24,10,False,[],2025-11-13 11:09:24.340773,cng,0.05813953488372093,5.135
T000123,A000015,d0087,v0144,R000657,2025-11-14 11:30:00,2025-11-14 13:20:00,33.41,110,34.23,34.76,8.335,21.527500000000003,18.22,9,False,[],2025-11-13 11:09:24.342092,cng,0.0547945205479452,8.611
T000124,A000157,d0120,v0087,R000505,2025-11-15 23:00:00,2025-11-16 01:06:00,58.02,126,58.95,38.6,4.462,12.620000000000001,27.63,122,False,[],2025-11-13 11:09:24.343394,diesel,0.05055611729019211,5.048
T000125,A000061,d0115,v0143,R001041,2025-11-14 23:00:00,2025-11-15 01:51:00,37.57,171,39.25,10.81,4.87,11.14,13.18,94,False,[],2025-11-13 11:09:24.344711,cng,0.059844404548174746,4.456
T000126,A000233,d0046,v0045,R000943,2025-11-16 18:00:00,2025-11-16 20:54:00,52.97,174,45.76,32.49,10.321,27.740000000000002,18.27,37,False,[],2025-11-13 11:09:24.345993,petrol,0.07880220646178093,11.096
T000127,A000388,d0144,v0012,R000483,2025-11-18 08:45:00,2025-11-18 08:47:00,1.66,2,56.1,11.42,0.445,1.1,49.8,3,False,[],2025-11-13 11:09:24.347319,cng,0.0643915003219575,0.44
T000128,A000390,d0130,v0021,R000499,2025-11-18 09:15:00,2025-11-18 09:54:00,15.56,39,31.89,22.14,1.276,3.765,23.94,22,False,[],2025-11-13 11:09:24.348652,cng,0.053134962805526036,1.506
T000129,A000441,d0067,v0109,R000014,2025-11-18 22:00:00,2025-11-18 22:32:00,8.0,32,49.71,23.37,2.578,5.97,15.0,11,False,[],2025-11-13 11:09:24.349996,cng,0.07867820613690008,2.388
T000130,A000162,d0192,v0054,R000227,2025-11-16 00:15:00,2025-11-16 00:46:00,13.37,31,45.77,27.66,2.267,5.33,25.88,24,False,[],2025-11-13 11:09:24.351365,diesel,0.05350454788657035,2.132
T000131,A000196,d0141,v0011,R000017,2025-11-16 08:45:00,2025-11-16 08:57:00,7.55,12,30.71,16.35,0.971,2.4675,37.75,5,False,[],2025-11-13 11:09:24.352751,cng,0.05500550055005501,0.987
T000132,A000324,d0089,v0088,R000758,2025-11-17 16:45:00,2025-11-17 18:44:00,39.84,119,40.94,33.35,6.188,14.855,20.09,57,False,[],2025-11-13 11:09:24.354036,petrol,0.06868131868131867,5.942
T000133,A000326,d0173,v0092,R000672,2025-11-17 17:15:00,2025-11-17 17:57:00,24.58,42,25.63,32.85,4.959,12.705,35.11,73,False,[],2025-11-13 11:09:24.355327,cng,0.05927682276229994,5.082
T000134,A000110,d0029,v0016,R000501,2025-11-15 11:15:00,2025-11-15 12:44:00,45.0,89,20.26,34.62,6.499,12.182500000000001,30.34,117,False,[],2025-11-13 11:09:24.356774,diesel,0.0764525993883792,4.873
T000135,A000160,d0015,v0021,R001065,2025-11-15 23:45:00,2025-11-16 01:59:00,35.55,134,23.45,16.21,3.715,10.242500000000001,15.92,6,False,[],2025-11-13 11:09:24.358053,cng,0.053134962805526036,4.097
T000136,A000229,d0058,v0013,R001018,2025-11-16 17:00:00,2025-11-16 19:03:00,49.47,123,41.06,12.43,7.129,18.1025,24.13,129,False,[],2025-11-13 11:09:24.359334,petrol,0.0676132521974307,7.241
T000137,A000329,d0138,v0042,R000346,2025-11-17 18:00:00,2025-11-17 18:34:00,28.0,34,42.05,25.56,11.368,24.340000000000003,49.41,66,False,[],2025-11-13 11:09:24.360679,diesel,0.08084074373484236,9.736
T000138,A000465,d0169,v0141,R000221,2025-11-19 04:00:00,2025-11-19 05:22:00,36.84,82,54.98,19.4,4.703,12.93,26.96,44,False,[],2025-11-13 11:09:24.362106,cng,0.05574136008918617,5.172
T000139,A000209,d0048,v0075,R000322,2025-11-16 12:00:00,2025-11-16 12:22:00,9.32,22,45.78,13.48,2.089,5.395,25.42,20,False,[],2025-11-13 11:09:24.363637,diesel,0.0563063063063063,2.158
T000140,A000480,d0090,v0011,R000663,2025-11-19 07:45:00,2025-11-19 08:07:00,12.48,22,57.53,36.08,1.818,5.387499999999999,34.04,11,False,[],2025-11-13 11:09:24.365062,cng,0.05500550055005501,2.155
T000141,A000477,d0035,v0028,R000034,2025-11-19 07:00:00,2025-11-19 07:43:00,20.08,43,46.79,28.67,5.319,13.8425,28.02,49,False,[],2025-11-13 11:09:24.366452,diesel,0.05875440658049354,5.537
T000142,A000285,d0118,v0119,R000091,2025-11-17 07:00:00,2025-11-17 07:09:00,3.67,9,49.01,33.45,0.403,1.2175,24.47,9,False,[],2025-11-13 11:09:24.367738,cng,0.05452562704471101,0.487
T000143,A000280,d0038,v0037,R000023,2025-11-17 05:45:00,2025-11-17 06:15:00,14.3,30,42.97,24.26,2.816,0.0,28.6,16,True,[],2025-11-13 11:09:24.369033,diesel,0.06397952655150352,2.203
T000144,A000413,d0072,v0049,R000036,2025-11-18 15:00:00,2025-11-18 15:28:00,10.13,28,20.97,25.23,4.118,9.067499999999999,21.71,12,False,[],2025-11-13 11:09:24.370277,diesel,0.08097165991902834,3.627
T000145,A000266,d0172,v0010,R000963,2025-11-17 02:15:00,2025-11-17 03:47:00,34.31,92,34.63,20.23,4.933,11.5,22.38,96,False,[],2025-11-13 11:09:24.371487,diesel,0.06053268765133172,4.6
T000146,A000114,d0098,v0054,R000290,2025-11-15 12:15:00,2025-11-15 12:45:00,14.72,30,36.76,34.33,3.12,6.57,29.44,10,False,[],2025-11-13 11:09:24.372770,diesel,0.05350454788657035,2.628
T000147,A000412,d0009,v0115,R001064,2025-11-18 14:45:00,2025-11-18 15:04:00,7.81,19,49.01,20.33,1.486,3.3950000000000005,24.66,19,False,[],2025-11-13 11:09:24.374027,cng,0.07396449704142012,1.358
T000148,A000420,d0173,v0012,R000997,2025-11-18 16:45:00,2025-11-18 19:27:00,54.14,162,56.88,32.84,18.609,42.1,20.05,105,False,[],2025-11-13 11:09:24.375287,cng,0.0643915003219575,16.84
T000149,A000053,d0181,v0088,R000345,2025-11-14 21:00:00,2025-11-14 22:18:00,30.41,78,53.32,30.86,4.984,10.5575,23.39,72,False,[],2025-11-13 11:09:24.376546,petrol,0.06868131868131867,4.223
T000150,A000368,d0148,v0083,R001162,2025-11-18 03:45:00,2025-11-18 04:01:00,6.69,16,21.09,23.63,1.911,4.755,25.09,10,False,[],2025-11-13 11:09:24.377804,petrol,0.08090614886731393,1.902
T000151,A000383,d0036,v0140,R001142,2025-11-18 07:30:00,2025-11-18 08:10:00,22.33,40,44.46,19.46,2.456,5.3225,33.49,14,False,[],2025-11-13 11:09:24.379068,petrol,0.0536480686695279,2.129
T000152,A000408,d0085,v0112,R000453,2025-11-18 13:45:00,2025-11-18 15:49:00,55.83,124,54.6,14.32,11.59,29.0875,27.01,74,False,[],2025-11-13 11:09:24.380354,petrol,0.052910052910052914,11.635
T000153,A000325,d0064,v0073,R000391,2025-11-17 17:00:00,2025-11-17 17:19:00,18.46,19,29.62,17.65,2.683,6.425,58.29,36,False,[],2025-11-13 11:09:24.381623,cng,0.06053268765133172,2.57
T000154,A000299,d0120,v0089,R000501,2025-11-17 10:30:00,2025-11-17 12:03:00,45.0,93,34.88,23.67,11.468,24.7275,29.03,117,False,[],2025-11-13 11:09:24.382889,petrol,0.05170630816959669,9.891
T000155,A000319,d0193,v0148,R000454,2025-11-17 15:30:00,2025-11-17 16:15:00,26.45,45,29.74,35.32,4.735,12.0225,35.27,47,False,[],2025-11-13 11:09:24.384209,cng,0.05813953488372093,4.809
T000156,A000446,d0157,v0093,R000403,2025-11-18 23:15:00,2025-11-18 23:23:00,6.85,8,43.86,36.81,1.611,3.96,51.38,8,False,[],2025-11-13 11:09:24.385585,petrol,0.05213764337851929,1.584
T000157,A000102,d0004,v0008,R000785,2025-11-15 09:15:00,2025-11-15 11:37:00,54.34,142,34.32,17.47,12.255,37.29,22.96,122,False,[],2025-11-13 11:09:24.386862,petrol,0.06988120195667365,14.916
T000158,A000082,d0115,v0090,R001063,2025-11-15 04:15:00,2025-11-15 04:38:00,6.4,23,31.75,18.2,0.877,2.0875,16.7,10,False,[],2025-11-13 11:09:24.388285,cng,0.059880239520958084,0.835
T000159,A000095,d0096,v0149,R000841,2025-11-15 07:30:00,2025-11-15 07:53:00,16.19,23,20.83,15.76,2.859,5.985,42.23,32,False,[],2025-11-13 11:09:24.389735,cng,0.060350030175015085,2.394
T000160,A000151,d0001,v0035,R000204,2025-11-15 21:30:00,2025-11-15 23:59:00,55.6,149,38.33,17.53,14.068,32.8925,22.39,125,False,[],2025-11-13 11:09:24.390971,diesel,0.07032348804500703,13.157
T000161,A000025,d0050,v0018,R000653,2025-11-14 14:00:00,2025-11-14 14:54:00,28.99,54,53.94,32.28,3.986,10.542499999999999,32.21,65,False,[],2025-11-13 11:09:24.392219,petrol,0.06402048655569782,4.217
T000162,A000398,d0103,v0027,R000222,2025-11-18 11:15:00,2025-11-18 12:26:00,38.22,71,56.59,36.78,6.135,14.067499999999999,32.3,106,False,[],2025-11-13 11:09:24.393461,diesel,0.05837711617046118,5.627
T000163,A000372,d0119,v0033,R000360,2025-11-18 04:45:00,2025-11-18 04:56:00,9.63,11,48.81,23.14,0.738,1.895,52.53,15,False,[],2025-11-13 11:09:24.394730,cng,0.0572737686139748,0.758
T000164,A000459,d0036,v0020,R000832,2025-11-19 02:30:00,2025-11-19 02:33:00,2.21,3,35.0,38.38,0.282,0.7324999999999999,44.2,4,False,[],2025-11-13 11:09:24.395923,cng,0.06587615283267458,0.293
T000165,A000258,d0111,v0009,R000662,2025-11-17 00:15:00,2025-11-17 01:30:00,36.06,75,45.13,25.18,4.032,12.0625,28.85,69,False,[],2025-11-13 11:09:24.397155,diesel,0.05399568034557235,4.825
T000166,A000063,d0021,v0023,R000227,2025-11-14 23:30:00,2025-11-14 23:55:00,13.37,25,58.23,34.5,4.132,9.105,32.09,24,False,[],2025-11-13 11:09:24.398357,petrol,0.07535795026375283,3.642
T000167,A000133,d0029,v0150,R000783,2025-11-15 17:00:00,2025-11-15 18:26:00,31.47,86,21.65,12.86,7.824,16.3275,21.96,91,False,[],2025-11-13 11:09:24.399883,diesel,0.0819672131147541,6.531
T000168,A000152,d0017,v0081,R000881,2025-11-15 21:45:00,2025-11-15 23:23:00,46.41,98,54.81,31.29,8.931,22.695,28.41,93,False,[],2025-11-13 11:09:24.401268,cng,0.05952380952380952,9.078
T000169,A000129,d0199,v0101,R000426,2025-11-15 16:00:00,2025-11-15 17:44:00,56.08,104,44.44,38.75,6.455,16.9175,32.35,162,False,[],2025-11-13 11:09:24.402729,petrol,0.05184033177812338,6.767
T000170,A000130,d0025,v0040,R000535,2025-11-15 16:15:00,2025-11-15 18:14:00,34.07,119,27.35,38.54,4.969,11.8825,17.18,4,False,[],2025-11-13 11:09:24.404091,diesel,0.07092198581560284,4.753
T000171,A000432,d0086,v0032,R001142,2025-11-18 19:45:00,2025-11-18 20:18:00,22.33,33,51.54,14.36,7.401,16.37,40.6,14,False,[],2025-11-13 11:09:24.405364,diesel,0.0625,6.548
T000172,A000341,d0092,v0098,R001053,2025-11-17 21:00:00,2025-11-17 22:09:00,54.21,69,53.74,22.21,9.024,26.817500000000003,47.14,149,False,[],2025-11-13 11:09:24.406639,diesel,0.07173601147776183,10.727
T000173,A000029,d0011,v0088,R000923,2025-11-14 15:00:00,2025-11-14 16:11:00,22.24,71,34.06,29.75,2.753,7.654999999999999,18.79,21,False,[],2025-11-13 11:09:24.407950,petrol,0.06868131868131867,3.062
T000174,A000328,d0084,v0014,R000438,2025-11-17 17:45:00,2025-11-17 18:56:00,40.61,71,23.26,31.61,5.95,12.0975,34.32,102,False,[],2025-11-13 11:09:24.409302,petrol,0.05293806246691371,4.839
T000175,A000192,d0069,v0135,R000853,2025-11-16 07:45:00,2025-11-16 08:12:00,6.36,27,43.97,16.62,2.237,4.9575000000000005,14.13,16,False,[],2025-11-13 11:09:24.410615,petrol,0.07178750897343862,1.983
T000176,A000066,d0125,v0119,R000398,2025-11-15 00:15:00,2025-11-15 01:01:00,18.29,46,47.02,22.55,3.218,6.4175,23.86,6,False,[],2025-11-13 11:09:24.411890,cng,0.05452562704471101,2.567
T000177,A000364,d0136,v0090,R000024,2025-11-18 02:45:00,2025-11-18 03:09:00,16.39,24,57.98,30.09,1.442,3.8074999999999997,40.98,41,False,[],2025-11-13 11:09:24.413228,cng,0.059880239520958084,1.523
T000178,A000091,d0200,v0052,R001132,2025-11-15 06:30:00,2025-11-15 06:52:00,14.01,22,57.62,29.12,4.908,12.5675,38.21,31,False,[],2025-11-13 11:09:24.414859,cng,0.07770007770007771,5.027
T000179,A000274,d0169,v0019,R000294,2025-11-17 04:15:00,2025-11-17 04:45:00,12.43,30,39.61,20.58,1.774,3.8925,24.86,14,False,[],2025-11-13 11:09:24.416655,petrol,0.060024009603841535,1.557
T000180,A000418,d0148,v0079,R000145,2025-11-18 16:15:00,2025-11-18 18:07:00,54.69,112,35.7,15.26,15.321,43.575,29.3,98,False,[],2025-11-13 11:09:24.418291,diesel,0.06825938566552901,17.43
T000181,A000334,d0168,v0045,R000701,2025-11-17 19:15:00,2025-11-17 20:16:00,48.29,61,40.68,14.15,14.278,32.0375,47.5,28,False,[],2025-11-13 11:09:24.419976,petrol,0.07880220646178093,12.815
T000182,A000234,d0108,v0001,R001014,2025-11-16 18:15:00,2025-11-16 20:00:00,24.39,105,30.46,32.01,4.909,11.07,13.94,34,False,[],2025-11-13 11:09:24.421928,cng,0.07530120481927711,4.428
T000183,A000457,d0176,v0127,R000062,2025-11-19 02:00:00,2025-11-19 03:59:00,47.79,119,30.6,39.23,8.171,16.1125,24.1,102,False,[],2025-11-13 11:09:24.423650,diesel,0.07836990595611286,6.445
T000184,A000360,d0133,v0123,R000563,2025-11-18 01:45:00,2025-11-18 03:45:00,53.75,120,35.6,31.66,3.778,10.065,26.88,100,False,[],2025-11-13 11:09:24.425254,diesel,0.054884742041712405,4.026
T000185,A000427,d0173,v0051,R000524,2025-11-18 18:30:00,2025-11-18 18:52:00,15.25,22,42.77,29.68,1.666,3.4399999999999995,41.59,6,False,[],2025-11-13 11:09:24.426652,petrol,0.053163211057947905,1.376
T000186,A000407,d0111,v0082,R000668,2025-11-18 13:30:00,2025-11-18 14:30:00,23.19,60,59.54,16.3,3.266,8.459999999999999,23.19,42,False,[],2025-11-13 11:09:24.428017,petrol,0.06341154090044389,3.384
T000187,A000257,d0039,v0021,R000694,2025-11-17 00:00:00,2025-11-17 00:45:00,31.24,45,36.08,25.2,4.935,10.3525,41.65,71,False,[],2025-11-13 11:09:24.429416,cng,0.053134962805526036,4.141
T000188,A000245,d0175,v0028,R001097,2025-11-16 21:00:00,2025-11-16 22:28:00,31.64,88,29.32,12.85,10.301,26.4275,21.57,4,False,[],2025-11-13 11:09:24.430781,diesel,0.05875440658049354,10.571
T000189,A000430,d0133,v0052,R000333,2025-11-18 19:15:00,2025-11-18 19:17:00,2.15,2,28.5,15.96,0.912,2.5700000000000003,64.5,6,False,[],2025-11-13 11:09:24.432115,cng,0.07770007770007771,1.028
T000190,A000273,d0168,v0119,R000958,2025-11-17 04:00:00,2025-11-17 05:51:00,50.34,111,40.53,28.11,6.943,17.9975,27.21,69,False,[],2025-11-13 11:09:24.433452,cng,0.05452562704471101,7.199
T000191,A000098,d0156,v0113,R000361,2025-11-15 08:15:00,2025-11-15 09:58:00,36.82,103,44.03,35.94,4.297,9.485,21.45,46,False,[],2025-11-13 11:09:24.434804,petrol,0.07309941520467836,3.794
T000192,A000089,d0042,v0005,R000838,2025-11-15 06:00:00,2025-11-15 06:23:00,7.56,23,45.21,33.66,0.987,2.0549999999999997,19.72,7,False,[],2025-11-13 11:09:24.436852,diesel,0.06765899864682003,0.822
T000193,A000155,d0186,v0147,R000916,2025-11-15 22:30:00,2025-11-16 01:09:00,56.87,159,48.08,11.04,10.722,22.2275,21.46,142,False,[],2025-11-13 11:09:24.438374,cng,0.05589714924538848,8.891
T000194,A000369,d0170,v0126,R000190,2025-11-18 04:00:00,2025-11-18 05:46:00,41.13,106,53.03,14.3,6.375,16.052500000000002,23.28,116,False,[],2025-11-13 11:09:24.439832,petrol,0.08064516129032258,6.421
T000195,A000337,d0190,v0112,R000392,2025-11-17 20:00:00,2025-11-17 21:09:00,46.59,69,45.96,21.77,5.899,18.905,40.51,16,False,[],2025-11-13 11:09:24.441317,petrol,0.052910052910052914,7.562
T000196,A000275,d0170,v0048,R000449,2025-11-17 04:30:00,2025-11-17 06:50:00,56.04,140,31.9,30.13,15.92,36.36,24.02,115,False,[],2025-11-13 11:09:24.442966,cng,0.06915629322268325,14.544
T000197,A000076,d0191,v0095,R000692,2025-11-15 02:45:00,2025-11-15 05:08:00,47.08,143,44.85,12.65,6.23,13.5825,19.75,57,False,[],2025-11-13 11:09:24.444697,diesel,0.05178663904712585,5.433
T000198,A000195,d0169,v0071,R000367,2025-11-16 08:30:00,2025-11-16 08:55:00,11.39,25,54.27,24.55,1.489,3.5725000000000002,27.34,19,False,[],2025-11-13 11:09:24.446353,petrol,0.07251631617113852,1.429
T000199,A000444,d0186,v0145,R000111,2025-11-18 22:45:00,2025-11-18 23:23:00,33.89,38,47.09,13.47,8.739,17.1125,53.51,72,False,[],2025-11-13 11:09:24.447695,petrol,0.06238303181534622,6.845
T000200,A000032,d0150,v0086,R000436,2025-11-14 15:45:00,2025-11-14 16:33:00,19.65,48,56.15,35.23,2.191,5.0175,24.56,38,False,[],2025-11-13 11:09:24.448939,diesel,0.062421972534332085,2.007
T000201,A000087,d0153,v0138,R000477,2025-11-15 05:30:00,2025-11-15 06:15:00,39.05,45,46.04,32.13,6.556,16.904999999999998,52.07,53,False,[],2025-11-13 11:09:24.450140,cng,0.06060606060606061,6.762
T000202,A000115,d0060,v0109,R001021,2025-11-15 12:30:00,2025-11-15 13:07:00,16.92,37,45.18,14.65,3.618,9.965,27.44,24,False,[],2025-11-13 11:09:24.451469,cng,0.07867820613690008,3.986
T000203,A000220,d0155,v0073,R000193,2025-11-16 14:45:00,2025-11-16 14:56:00,5.62,11,43.42,36.29,1.501,3.4625,30.65,13,False,[],2025-11-13 11:09:24.452764,cng,0.06053268765133172,1.385
T000204,A000481,d0193,v0138,R000818,2025-11-19 08:00:00,2025-11-19 10:39:00,58.46,159,26.31,23.24,7.616,18.2875,22.06,82,False,[],2025-11-13 11:09:24.453945,cng,0.06060606060606061,7.315
T000205,A000023,d0047,v0046,R000064,2025-11-14 13:30:00,2025-11-14 13:38:00,3.55,8,21.53,32.5,0.543,1.4324999999999999,26.62,6,False,[],2025-11-13 11:09:24.455197,petrol,0.05977286312014345,0.573
T000206,A000080,d0170,v0003,R001027,2025-11-15 03:45:00,2025-11-15 03:56:00,3.62,11,23.94,24.83,0.458,0.9875,19.75,5,False,[],2025-11-13 11:09:24.456409,petrol,0.05549389567147614,0.395
T000207,A000225,d0017,v0032,R000143,2025-11-16 16:00:00,2025-11-16 16:53:00,28.15,53,52.16,12.59,4.414,11.97,31.87,63,False,[],2025-11-13 11:09:24.457565,diesel,0.0625,4.788
T000208,A000317,d0002,v0092,R001098,2025-11-17 15:00:00,2025-11-17 15:26:00,11.47,26,42.5,21.29,1.91,3.9425,26.47,3,False,[],2025-11-13 11:09:24.458717,cng,0.05927682276229994,1.577
T000209,A000188,d0197,v0103,R000294,2025-11-16 06:45:00,2025-11-16 07:14:00,12.43,29,57.93,33.39,1.562,3.97,25.72,14,False,[],2025-11-13 11:09:24.459917,cng,0.078003120124805,1.588
T000210,A000203,d0164,v0047,R000756,2025-11-16 10:30:00,2025-11-16 11:23:00,36.82,53,29.73,16.79,6.619,15.89,41.68,22,False,[],2025-11-13 11:09:24.461146,petrol,0.08203445447087777,6.356
T000211,A000483,d0140,v0070,R000711,2025-11-19 08:30:00,2025-11-19 08:59:00,19.38,29,54.57,39.14,2.987,6.645,40.1,18,False,[],2025-11-13 11:09:24.462307,cng,0.05104645227156713,2.658
T000212,A000445,d0030,v0149,R000829,2025-11-18 23:00:00,2025-11-19 00:50:00,55.75,110,27.09,13.17,8.76,20.797500000000003,30.41,139,False,[],2025-11-13 11:09:24.463496,cng,0.060350030175015085,8.319
T000213,A000120,d0040,v0011,R000668,2025-11-15 13:45:00,2025-11-15 14:40:00,23.19,55,30.32,22.6,4.086,9.432500000000001,25.3,42,False,[],2025-11-13 11:09:24.464848,cng,0.05500550055005501,3.773
T000214,A000223,d0188,v0049,R000999,2025-11-16 15:30:00,2025-11-16 16:44:00,42.01,74,38.06,20.41,11.894,33.755,34.06,90,False,[],2025-11-13 11:09:24.466217,diesel,0.08097165991902834,13.502
T000215,A000081,d0057,v0091,R000917,2025-11-15 04:00:00,2025-11-15 04:40:00,21.04,40,59.35,29.59,3.012,7.7175,31.56,34,False,[],2025-11-13 11:09:24.467531,petrol,0.052576235541535225,3.087
T000216,A000308,d0185,v0107,R000333,2025-11-17 12:45:00,2025-11-17 12:47:00,2.15,2,29.91,25.69,0.263,0.8500000000000001,64.5,6,False,[],2025-11-13 11:09:24.468808,cng,0.0564652738565782,0.34
T000217,A000148,d0006,v0019,R000602,2025-11-15 20:45:00,2025-11-15 22:03:00,38.84,78,30.02,27.35,3.689,0.0,29.88,84,True,[],2025-11-13 11:09:24.470002,petrol,0.060024009603841535,2.768
T000218,A000159,d0185,v0114,R000773,2025-11-15 23:30:00,2025-11-16 00:20:00,23.86,50,42.78,26.0,2.554,7.5649999999999995,28.63,59,False,[],2025-11-13 11:09:24.471280,cng,0.06476683937823835,3.026
T000219,A000171,d0092,v0097,R000406,2025-11-16 02:30:00,2025-11-16 03:16:00,32.33,46,45.96,18.09,4.321,12.2925,42.17,96,False,[],2025-11-13 11:09:24.472633,diesel,0.06389776357827476,4.917
T000220,A000472,d0145,v0072,R000003,2025-11-19 05:45:00,2025-11-19 06:18:00,14.72,33,23.39,14.35,1.263,3.4775,26.76,4,False,[],2025-11-13 11:09:24.473916,cng,0.05104645227156713,1.391
T000221,A000321,d0059,v0046,R000327,2025-11-17 16:00:00,2025-11-17 17:43:00,48.32,103,45.26,33.14,9.82,20.785,28.15,139,False,[],2025-11-13 11:09:24.475173,petrol,0.05977286312014345,8.314
T000222,A000401,d0146,v0137,R001055,2025-11-18 12:00:00,2025-11-18 12:16:00,11.9,16,53.72,32.31,4.29,9.9375,44.62,28,False,[],2025-11-13 11:09:24.476653,diesel,0.06565988181221273,3.975
T000223,A000217,d0116,v0149,R000786,2025-11-16 14:00:00,2025-11-16 15:22:00,28.36,82,53.59,31.24,2.73,5.41,20.75,31,False,[],2025-11-13 11:09:24.478242,cng,0.060350030175015085,2.164
T000224,A000448,d0164,v0075,R000994,2025-11-18 23:45:00,2025-11-18 23:47:00,1.25,2,36.17,28.26,0.46,1.0825,37.5,2,False,[],2025-11-13 11:09:24.479758,diesel,0.0563063063063063,0.433
T000225,A000084,d0052,v0068,R000044,2025-11-15 04:45:00,2025-11-15 06:29:00,34.35,104,28.31,17.85,10.678,24.935000000000002,19.82,43,False,[],2025-11-13 11:09:24.481319,diesel,0.06788866259334692,9.974
T000226,A000035,d0176,v0113,R000801,2025-11-14 16:30:00,2025-11-14 18:20:00,58.98,110,37.44,19.68,9.708,19.19,32.17,37,False,[],2025-11-13 11:09:24.482824,petrol,0.07309941520467836,7.676
T000227,A000173,d0186,v0081,R000927,2025-11-16 03:00:00,2025-11-16 04:05:00,36.39,65,57.25,38.86,12.397,33.305,33.59,71,False,[],2025-11-13 11:09:24.484352,cng,0.05952380952380952,13.322
T000228,A000386,d0087,v0046,R000164,2025-11-18 08:15:00,2025-11-18 10:08:00,50.59,113,38.9,15.21,8.519,24.1325,26.86,38,False,[],2025-11-13 11:09:24.485743,petrol,0.05977286312014345,9.653
T000229,A000207,d0076,v0127,R001172,2025-11-16 11:30:00,2025-11-16 12:44:00,31.27,74,34.59,13.17,5.912,15.4725,25.35,71,False,[],2025-11-13 11:09:24.487114,diesel,0.07836990595611286,6.189
T000230,A000450,d0141,v0069,R000341,2025-11-19 00:15:00,2025-11-19 02:33:00,59.08,138,20.62,34.11,11.937,22.977500000000003,25.69,177,False,[],2025-11-13 11:09:24.488614,petrol,0.0508130081300813,9.191
T000231,A000031,d0119,v0133,R000048,2025-11-14 15:30:00,2025-11-14 17:52:00,34.37,142,35.73,31.62,5.709,13.4075,14.52,92,False,[],2025-11-13 11:09:24.490072,cng,0.058997050147492625,5.363
T000232,A000289,d0035,v0110,R000494,2025-11-17 08:00:00,2025-11-17 08:14:00,12.08,14,26.82,18.36,1.799,4.6075,51.77,18,False,[],2025-11-13 11:09:24.491534,diesel,0.06345177664974619,1.843
T000233,A000001,d0071,v0144,R000199,2025-11-14 08:00:00,2025-11-14 08:18:00,10.87,18,58.75,10.05,2.98,7.4125,36.23,17,False,[],2025-11-13 11:09:24.492963,cng,0.0547945205479452,2.965
T000234,A000178,d0037,v0049,R000150,2025-11-16 04:15:00,2025-11-16 05:57:00,48.78,102,29.71,36.45,18.385,50.315000000000005,28.69,76,False,[],2025-11-13 11:09:24.494360,diesel,0.08097165991902834,20.126
T000235,A000177,d0087,v0025,R001102,2025-11-16 04:00:00,2025-11-16 04:06:00,2.76,6,37.99,10.45,0.814,2.335,27.6,8,False,[],2025-11-13 11:09:24.495703,diesel,0.07656967840735068,0.934
T000236,A000047,d0161,v0136,R000052,2025-11-14 19:30:00,2025-11-14 19:34:00,1.46,4,41.79,25.03,0.352,0.9575,21.9,4,False,[],2025-11-13 11:09:24.497092,petrol,0.054318305268875614,0.383
T000237,A000090,d0059,v0125,R000280,2025-11-15 06:15:00,2025-11-15 08:27:00,33.61,132,31.55,11.83,2.227,5.862500000000001,15.28,83,False,[],2025-11-13 11:09:24.498455,diesel,0.0510204081632653,2.345
T000238,A000403,d0138,v0107,R000908,2025-11-18 12:30:00,2025-11-18 14:42:00,40.62,132,26.62,23.96,4.099,12.48,18.46,113,False,[],2025-11-13 11:09:24.499760,cng,0.0564652738565782,4.992
T000239,A000286,d0134,v0133,R000700,2025-11-17 07:15:00,2025-11-17 09:07:00,54.4,112,53.27,10.82,10.448,24.265,29.14,91,False,[],2025-11-13 11:09:24.501089,cng,0.058997050147492625,9.706
T000240,A000254,d0032,v0068,R000294,2025-11-16 23:15:00,2025-11-16 23:46:00,12.43,31,23.31,33.06,3.736,7.805,24.06,14,False,[],2025-11-13 11:09:24.502342,diesel,0.06788866259334692,3.122
T000241,A000294,d0128,v0006,R000279,2025-11-17 09:15:00,2025-11-17 10:25:00,40.46,70,45.81,25.14,23.162,56.7825,34.68,20,False,[],2025-11-13 11:09:24.503623,cng,0.07651109410864575,22.713
T000242,A000239,d0187,v0014,R000557,2025-11-16 19:30:00,2025-11-16 19:43:00,3.63,13,20.33,22.63,0.401,1.125,16.75,3,False,[],2025-11-13 11:09:24.505000,petrol,0.05293806246691371,0.45
T000243,A000443,d0177,v0034,R000197,2025-11-18 22:30:00,2025-11-18 23:00:00,14.31,30,32.55,28.87,1.09,3.2925,28.62,36,False,[],2025-11-13 11:09:24.506299,petrol,0.06230529595015576,1.317
T000244,A000358,d0007,v0046,R001039,2025-11-18 01:15:00,2025-11-18 01:56:00,19.43,41,56.15,20.34,2.411,5.725,28.43,58,False,[],2025-11-13 11:09:24.507556,petrol,0.05977286312014345,2.29
T000245,A000491,d0094,v0006,R000966,2025-11-19 10:30:00,2025-11-19 12:04:00,54.26,94,38.49,29.28,21.76,54.582499999999996,34.63,134,False,[],2025-11-13 11:09:24.508864,cng,0.07651109410864575,21.833
T000246,A000458,d0027,v0074,R000861,2025-11-19 02:15:00,2025-11-19 03:11:00,43.01,56,31.45,17.42,4.648,10.34,46.08,87,False,[],2025-11-13 11:09:24.510108,cng,0.0576036866359447,4.136
T000247,A000433,d0034,v0040,R000967,2025-11-18 20:00:00,2025-11-18 20:06:00,4.82,6,56.05,15.93,1.024,2.46,48.2,3,False,[],2025-11-13 11:09:24.511362,diesel,0.07092198581560284,0.984
T000248,A000142,d0128,v0089,R000511,2025-11-15 19:15:00,2025-11-15 20:06:00,23.38,51,25.32,24.75,5.292,12.84,27.51,41,False,[],2025-11-13 11:09:24.512665,petrol,0.05170630816959669,5.136
T000249,A000041,d0199,v0061,R000053,2025-11-14 18:00:00,2025-11-14 19:37:00,51.03,97,34.71,15.92,5.573,11.884999999999998,31.56,15,False,[],2025-11-13 11:09:24.513937,diesel,0.06514657980456026,4.754
T000250,A000033,d0109,v0015,R000713,2025-11-14 16:00:00,2025-11-14 16:35:00,15.73,35,23.51,25.57,3.234,8.32,26.97,4,False,[],2025-11-13 11:09:24.515152,petrol,0.061500615006150054,3.328
T000251,A000236,d0043,v0031,R000552,2025-11-16 18:45:00,2025-11-16 22:01:00,59.18,196,28.31,22.84,10.124,25.4575,18.12,166,False,[],2025-11-13 11:09:24.516397,cng,0.06218905472636817,10.183
T000252,A000226,d0029,v0150,R000552,2025-11-16 16:15:00,2025-11-16 19:22:00,59.18,187,56.59,15.93,14.66,36.845,18.99,166,False,[],2025-11-13 11:09:24.517653,diesel,0.0819672131147541,14.738
T000253,A000487,d0049,v0060,R000877,2025-11-19 09:30:00,2025-11-19 10:00:00,13.0,30,52.08,23.47,2.194,5.077500000000001,26.0,32,False,[],2025-11-13 11:09:24.518849,cng,0.058997050147492625,2.031
T000254,A000244,d0014,v0048,R000627,2025-11-16 20:45:00,2025-11-16 21:57:00,43.74,72,23.44,21.37,12.22,29.805,36.45,77,False,[],2025-11-13 11:09:24.520047,cng,0.06915629322268325,11.922
T000255,A000143,d0013,v0142,R001098,2025-11-15 19:30:00,2025-11-15 19:53:00,11.47,23,45.62,16.97,3.072,7.5275,29.92,3,False,[],2025-11-13 11:09:24.521323,diesel,0.05640157924421884,3.011
T000256,A000070,d0094,v0137,R000025,2025-11-15 01:15:00,2025-11-15 02:11:00,30.52,56,37.4,18.66,11.377,0.0,32.7,29,True,[],2025-11-13 11:09:24.522521,diesel,0.06565988181221273,12.833
T000257,A000040,d0030,v0082,R000995,2025-11-14 17:45:00,2025-11-14 20:47:00,53.2,182,56.72,21.85,9.411,21.115,17.54,56,False,[],2025-11-13 11:09:24.523698,petrol,0.06341154090044389,8.446
T000258,A000190,d0084,v0067,R001105,2025-11-16 07:15:00,2025-11-16 08:41:00,24.97,86,58.79,31.65,9.163,20.005000000000003,17.42,45,False,[],2025-11-13 11:09:24.524942,diesel,0.06281407035175879,8.002
T000259,A000017,d0047,v0029,R000042,2025-11-14 12:00:00,2025-11-14 12:36:00,33.82,36,52.72,27.57,5.433,12.9275,56.37,37,False,[],2025-11-13 11:09:24.526176,cng,0.05605381165919283,5.171
T000260,A000072,d0173,v0140,R000821,2025-11-15 01:45:00,2025-11-15 03:14:00,53.36,89,58.35,19.31,5.531,15.2325,35.97,5,False,[],2025-11-13 11:09:24.527367,petrol,0.0536480686695279,6.093
T000261,A000340,d0195,v0123,R000677,2025-11-17 20:45:00,2025-11-17 21:40:00,20.74,55,20.96,20.17,2.305,4.465,22.63,34,False,[],2025-11-13 11:09:24.528599,diesel,0.054884742041712405,1.786
T000262,A000327,d0011,v0042,R000041,2025-11-17 17:30:00,2025-11-17 17:41:00,6.81,11,51.03,15.32,1.864,4.1499999999999995,37.15,5,False,[],2025-11-13 11:09:24.529849,diesel,0.08084074373484236,1.66
T000263,A000397,d0081,v0062,R000111,2025-11-18 11:00:00,2025-11-18 11:46:00,33.89,46,20.4,25.61,3.221,8.0,44.2,72,False,[],2025-11-13 11:09:24.531051,petrol,0.06313131313131314,3.2
T000264,A000359,d0164,v0089,R000058,2025-11-18 01:30:00,2025-11-18 03:50:00,44.07,140,27.18,21.91,9.894,22.9975,18.89,114,False,[],2025-11-13 11:09:24.532303,petrol,0.05170630816959669,9.199
T000265,A000250,d0105,v0125,R000603,2025-11-16 22:15:00,2025-11-16 23:12:00,54.5,57,26.31,36.89,6.956,15.2025,57.37,21,False,[],2025-11-13 11:09:24.533636,diesel,0.0510204081632653,6.081
T000266,A000073,d0165,v0088,R000149,2025-11-15 02:00:00,2025-11-15 04:11:00,53.3,131,49.35,19.16,5.616,13.1475,24.41,88,False,[],2025-11-13 11:09:24.534971,petrol,0.06868131868131867,5.259
T000267,A000426,d0001,v0027,R000533,2025-11-18 18:15:00,2025-11-18 20:33:00,49.17,138,50.4,12.03,5.242,10.954999999999998,21.38,107,False,[],2025-11-13 11:09:24.536187,diesel,0.05837711617046118,4.382
T000268,A000323,d0139,v0133,R000544,2025-11-17 16:30:00,2025-11-17 17:47:00,46.46,77,57.2,23.64,4.494,10.6175,36.2,128,False,[],2025-11-13 11:09:24.537532,cng,0.058997050147492625,4.247
T000269,A000267,d0135,v0005,R001013,2025-11-17 02:30:00,2025-11-17 03:36:00,20.09,66,22.72,11.21,3.44,7.534999999999999,18.26,50,False,[],2025-11-13 11:09:24.538741,diesel,0.06765899864682003,3.014
T000270,A000147,d0075,v0143,R000267,2025-11-15 20:30:00,2025-11-15 21:32:00,26.59,62,32.35,10.04,2.63,0.0,25.73,51,True,[],2025-11-13 11:09:24.540022,cng,0.059844404548174746,3.147
T000271,A000132,d0046,v0006,R000797,2025-11-15 16:45:00,2025-11-15 16:53:00,3.04,8,26.77,29.48,1.169,3.3825,22.8,6,False,[],2025-11-13 11:09:24.541276,cng,0.07651109410864575,1.353
T000272,A000246,d0120,v0141,R001164,2025-11-16 21:15:00,2025-11-17 01:25:00,59.08,250,25.4,13.05,5.858,19.205000000000002,14.18,27,False,[],2025-11-13 11:09:24.542505,cng,0.05574136008918617,7.682
T000273,A000247,d0081,v0023,R001131,2025-11-16 21:30:00,2025-11-16 21:32:00,1.31,2,28.07,13.0,0.387,0.94,39.3,3,False,[],2025-11-13 11:09:24.543713,petrol,0.07535795026375283,0.376
T000274,A000238,d0156,v0051,R000308,2025-11-16 19:15:00,2025-11-16 21:42:00,44.25,147,54.38,39.62,2.368,6.3525,18.06,58,False,[],2025-11-13 11:09:24.544974,petrol,0.053163211057947905,2.541
T000275,A000322,d0124,v0138,R000192,2025-11-17 16:15:00,2025-11-17 16:39:00,8.53,24,54.2,31.9,1.154,3.0175,21.32,15,False,[],2025-11-13 11:09:24.546176,cng,0.06060606060606061,1.207
T000276,A000083,d0080,v0062,R000092,2025-11-15 04:30:00,2025-11-15 04:46:00,6.3,16,58.33,31.91,0.638,1.845,23.62,6,False,[],2025-11-13 11:09:24.547338,petrol,0.06313131313131314,0.738
T000277,A000256,d0200,v0055,R000350,2025-11-16 23:45:00,2025-11-17 00:54:00,29.08,69,35.13,21.15,5.946,16.0125,25.29,33,False,[],2025-11-13 11:09:24.548531,petrol,0.05387931034482759,6.405
T000278,A000435,d0074,v0042,R001046,2025-11-18 20:30:00,2025-11-18 22:08:00,39.01,98,35.7,19.2,8.491,19.715,23.88,68,False,[],2025-11-13 11:09:24.549722,diesel,0.08084074373484236,7.886
T000279,A000464,d0159,v0115,R000059,2025-11-19 03:45:00,2025-11-19 04:14:00,11.91,29,53.99,39.0,1.655,4.43,24.64,7,False,[],2025-11-13 11:09:24.550917,cng,0.07396449704142012,1.772
T000280,A000124,d0080,v0138,R000561,2025-11-15 14:45:00,2025-11-15 16:51:00,38.36,126,20.84,10.04,4.411,9.5,18.27,110,False,[],2025-11-13 11:09:24.552158,cng,0.06060606060606061,3.8
T000281,A000382,d0058,v0005,R000776,2025-11-18 07:15:00,2025-11-18 07:56:00,20.83,41,56.13,15.59,2.798,5.8825,30.48,19,False,[],2025-11-13 11:09:24.553418,diesel,0.06765899864682003,2.353
T000282,A000092,d0162,v0135,R000170,2025-11-15 06:45:00,2025-11-15 08:11:00,41.1,86,31.02,17.82,12.21,25.7775,28.67,119,False,[],2025-11-13 11:09:24.554699,petrol,0.07178750897343862,10.311
T000283,A000461,d0082,v0115,R001123,2025-11-19 03:00:00,2025-11-19 03:25:00,12.41,25,34.05,32.41,1.847,5.540000000000001,29.78,26,False,[],2025-11-13 11:09:24.555943,cng,0.07396449704142012,2.216
T000284,A000455,d0003,v0081,R000311,2025-11-19 01:30:00,2025-11-19 02:51:00,57.94,81,39.8,28.97,16.397,41.462500000000006,42.92,84,False,[],2025-11-13 11:09:24.557176,cng,0.05952380952380952,16.585
T000285,A000050,d0181,v0004,R000193,2025-11-14 20:15:00,2025-11-14 20:27:00,5.62,12,47.62,20.58,1.214,2.5774999999999997,28.1,13,False,[],2025-11-13 11:09:24.558417,petrol,0.07745933384972889,1.031
T000286,A000218,d0102,v0066,R000785,2025-11-16 14:15:00,2025-11-16 16:34:00,54.34,139,57.14,21.64,6.5,17.1325,23.46,122,False,[],2025-11-13 11:09:24.559600,cng,0.056818181818181816,6.853
T000287,A000374,d0139,v0093,R000119,2025-11-18 05:15:00,2025-11-18 06:54:00,35.86,99,21.35,32.72,9.608,23.91,21.73,18,False,[],2025-11-13 11:09:24.560846,petrol,0.05213764337851929,9.564
T000288,A000499,d0012,v0022,R000241,2025-11-19 12:30:00,2025-11-19 13:13:00,11.01,43,30.48,32.34,2.086,4.8325000000000005,15.36,11,False,[],2025-11-13 11:09:24.562064,diesel,0.05144032921810699,1.933
T000289,A000088,d0114,v0038,R000964,2025-11-15 05:45:00,2025-11-15 06:41:00,39.4,56,36.66,33.21,5.085,15.9525,42.21,47,False,[],2025-11-13 11:09:24.563269,cng,0.0827129859387924,6.381
T000290,A000027,d0032,v0077,R000826,2025-11-14 14:30:00,2025-11-14 14:59:00,14.04,29,52.76,33.37,3.776,8.495000000000001,29.05,19,False,[],2025-11-13 11:09:24.564447,petrol,0.08223684210526316,3.398
T000291,A000145,d0112,v0023,R000615,2025-11-15 20:00:00,2025-11-15 21:14:00,43.12,74,40.95,13.4,9.312,23.090000000000003,34.96,106,False,[],2025-11-13 11:09:24.565662,petrol,0.07535795026375283,9.236
T000292,A000165,d0052,v0023,R000765,2025-11-16 01:00:00,2025-11-16 02:21:00,19.23,81,22.96,18.55,6.346,14.84,14.24,16,False,[],2025-11-13 11:09:24.566879,petrol,0.07535795026375283,5.936
T000293,A000295,d0044,v0036,R000750,2025-11-17 09:30:00,2025-11-17 12:22:00,54.98,172,51.95,14.76,12.987,0.0,19.18,92,True,[],2025-11-13 11:09:24.568075,cng,0.05730659025787966,15.153
T000294,A000314,d0128,v0089,R000015,2025-11-17 14:15:00,2025-11-17 15:04:00,28.82,49,52.74,37.44,8.207,19.055,35.29,72,False,[],2025-11-13 11:09:24.569374,petrol,0.05170630816959669,7.622
T000295,A000136,d0101,v0117,R000106,2025-11-15 17:45:00,2025-11-15 19:08:00,45.5,83,27.58,36.27,6.666,15.1725,32.89,66,False,[],2025-11-13 11:09:24.570550,petrol,0.06464124111182934,6.069
T000296,A000470,d0065,v0021,R000280,2025-11-19 05:15:00,2025-11-19 07:47:00,33.61,152,58.55,20.4,2.991,7.175000000000001,13.27,83,False,[],2025-11-13 11:09:24.571715,cng,0.053134962805526036,2.87
T000297,A000123,d0001,v0060,R001154,2025-11-15 14:30:00,2025-11-15 14:33:00,3.14,3,27.44,36.08,0.765,1.7874999999999999,62.8,4,False,[],2025-11-13 11:09:24.573055,cng,0.058997050147492625,0.715
T000298,A000021,d0074,v0089,R000116,2025-11-14 13:00:00,2025-11-14 14:51:00,57.79,111,52.22,32.45,14.278,29.660000000000004,31.24,134,False,[],2025-11-13 11:09:24.574284,petrol,0.05170630816959669,11.864
T000299,A000333,d0009,v0031,R000104,2025-11-17 19:00:00,2025-11-17 19:26:00,13.53,26,44.0,30.01,1.719,3.2975,31.22,37,False,[],2025-11-13 11:09:24.575543,cng,0.06218905472636817,1.319
T000300,A000183,d0039,v0035,R000853,2025-11-16 05:30:00,2025-11-16 06:00:00,6.36,30,50.3,14.85,1.813,4.6125,12.72,16,False,[],2025-11-13 11:09:24.576820,diesel,0.07032348804500703,1.845
T000301,A000496,d0133,v0092,R000632,2025-11-19 11:45:00,2025-11-19 11:57:00,9.35,12,58.43,31.62,1.262,3.5,46.75,27,False,[],2025-11-13 11:09:24.578043,cng,0.05927682276229994,1.4
T000302,A000272,d0176,v0057,R000568,2025-11-17 03:45:00,2025-11-17 04:39:00,18.39,54,26.33,27.06,6.277,17.3175,20.43,24,False,[],2025-11-13 11:09:24.579258,cng,0.05128205128205128,6.927
T000303,A000150,d0197,v0046,R000882,2025-11-15 21:15:00,2025-11-15 22:06:00,14.76,51,59.84,17.51,2.33,4.25,17.36,30,False,[],2025-11-13 11:09:24.580523,petrol,0.05977286312014345,1.7
T000304,A000320,d0006,v0038,R000630,2025-11-17 15:45:00,2025-11-17 16:01:00,3.95,16,32.82,31.85,0.535,1.4349999999999998,14.81,3,False,[],2025-11-13 11:09:24.581740,cng,0.0827129859387924,0.574
T000305,A000067,d0026,v0063,R000248,2025-11-15 00:30:00,2025-11-15 01:54:00,25.4,84,30.28,31.65,3.591,10.975,18.14,29,False,[],2025-11-13 11:09:24.582917,diesel,0.08176614881439084,4.39
T000306,A000409,d0162,v0004,R000628,2025-11-18 14:00:00,2025-11-18 14:46:00,26.83,46,45.85,38.42,4.597,10.615000000000002,35.0,62,False,[],2025-11-13 11:09:24.584354,petrol,0.07745933384972889,4.246
T000307,A000394,d0126,v0024,R001077,2025-11-18 10:15:00,2025-11-18 11:18:00,33.88,63,36.27,11.09,3.156,9.1175,32.27,88,False,[],2025-11-13 11:09:24.585692,petrol,0.058823529411764705,3.647
T000308,A000353,d0043,v0063,R001169,2025-11-18 00:00:00,2025-11-18 00:28:00,13.52,28,31.13,34.34,2.61,5.7875,28.97,34,False,[],2025-11-13 11:09:24.586891,diesel,0.08176614881439084,2.315
T000309,A000144,d0072,v0067,R000773,2025-11-15 19:45:00,2025-11-15 20:25:00,23.86,40,41.34,26.48,7.239,17.5175,35.79,59,False,[],2025-11-13 11:09:24.588054,diesel,0.06281407035175879,7.007
T000310,A000024,d0163,v0104,R000239,2025-11-14 13:45:00,2025-11-14 14:47:00,37.0,62,55.99,27.34,11.75,24.759999999999998,35.81,8,False,[],2025-11-13 11:09:24.589278,petrol,0.07993605115907275,9.904
T000311,A000479,d0169,v0081,R000552,2025-11-19 07:30:00,2025-11-19 10:55:00,59.18,205,28.41,22.91,17.518,38.3725,17.32,166,False,[],2025-11-13 11:09:24.590428,cng,0.05952380952380952,15.349
T000312,A000078,d0119,v0053,R001050,2025-11-15 03:15:00,2025-11-15 03:41:00,7.95,26,45.16,39.49,0.974,2.405,18.35,20,False,[],2025-11-13 11:09:24.591577,petrol,0.06365372374283895,0.962
T000313,A000108,d0008,v0001,R000762,2025-11-15 10:45:00,2025-11-15 12:11:00,57.58,86,59.29,24.66,13.03,28.6525,40.17,42,False,[],2025-11-13 11:09:24.592799,cng,0.07530120481927711,11.461
T000314,A000211,d0176,v0112,R000096,2025-11-16 12:30:00,2025-11-16 14:18:00,41.6,108,41.0,34.01,6.331,18.7075,23.11,40,False,[],2025-11-13 11:09:24.593991,petrol,0.052910052910052914,7.483
T000315,A000392,d0170,v0083,R000866,2025-11-18 09:45:00,2025-11-18 11:17:00,47.33,92,30.55,34.39,10.64,31.259999999999998,30.87,82,False,[],2025-11-13 11:09:24.595179,petrol,0.08090614886731393,12.504
T000316,A000004,d0156,v0086,R000566,2025-11-14 08:45:00,2025-11-14 10:05:00,48.98,80,25.19,14.19,4.97,11.632499999999999,36.73,75,False,[],2025-11-13 11:09:24.596499,diesel,0.062421972534332085,4.653
T000317,A000038,d0179,v0087,R000692,2025-11-14 17:15:00,2025-11-14 19:09:00,47.08,114,39.59,12.34,4.105,9.4575,24.78,57,False,[],2025-11-13 11:09:24.597732,diesel,0.05055611729019211,3.783
T000318,A000122,d0095,v0135,R000183,2025-11-15 14:15:00,2025-11-15 15:12:00,24.31,57,25.42,17.75,4.405,12.947500000000002,25.59,63,False,[],2025-11-13 11:09:24.599070,petrol,0.07178750897343862,5.179
T000319,A000164,d0155,v0103,R000929,2025-11-16 00:45:00,2025-11-16 01:05:00,12.0,20,56.51,11.28,2.606,6.0,36.0,14,False,[],2025-11-13 11:09:24.600290,cng,0.078003120124805,2.4
T000320,A000462,d0027,v0062,R000533,2025-11-19 03:15:00,2025-11-19 05:17:00,49.17,122,32.26,19.25,4.953,14.115,24.18,107,False,[],2025-11-13 11:09:24.601512,petrol,0.06313131313131314,5.646
T000321,A000302,d0148,v0133,R001106,2025-11-17 11:15:00,2025-11-17 13:29:00,50.77,134,50.18,22.15,5.128,0.0,22.73,45,True,[],2025-11-13 11:09:24.602707,cng,0.058997050147492625,5.436
T000322,A000048,d0067,v0095,R000264,2025-11-14 19:45:00,2025-11-14 20:27:00,23.52,42,57.75,22.96,4.395,13.434999999999999,33.6,2,False,[],2025-11-13 11:09:24.603874,diesel,0.05178663904712585,5.374
T000323,A000288,d0037,v0138,R000572,2025-11-17 07:45:00,2025-11-17 08:01:00,6.51,16,28.23,22.72,0.83,2.1025,24.41,12,False,[],2025-11-13 11:09:24.605145,cng,0.06060606060606061,0.841
T000324,A000215,d0092,v0092,R000546,2025-11-16 13:30:00,2025-11-16 15:00:00,45.26,90,38.6,20.89,4.97,12.8575,30.17,82,False,[],2025-11-13 11:09:24.606367,cng,0.05927682276229994,5.143
T000325,A000131,d0046,v0067,R000528,2025-11-15 16:30:00,2025-11-15 17:34:00,21.94,64,38.45,13.83,10.596,23.805,20.57,58,False,[],2025-11-13 11:09:24.607554,diesel,0.06281407035175879,9.522
T000326,A000428,d0103,v0030,R000151,2025-11-18 18:45:00,2025-11-18 20:11:00,47.7,86,41.47,28.14,5.901,15.965,33.28,131,False,[],2025-11-13 11:09:24.608760,cng,0.05952380952380952,6.386
T000327,A000451,d0153,v0139,R001065,2025-11-19 00:30:00,2025-11-19 02:39:00,35.55,129,26.53,38.05,4.93,12.8325,16.53,6,False,[],2025-11-13 11:09:24.609929,cng,0.05952380952380952,5.133
T000328,A000376,d0052,v0095,R000722,2025-11-18 05:45:00,2025-11-18 06:43:00,33.48,58,32.88,19.83,4.051,7.8149999999999995,34.63,23,False,[],2025-11-13 11:09:24.611121,diesel,0.05178663904712585,3.126
T000329,A000030,d0006,v0015,R000594,2025-11-14 15:15:00,2025-11-14 16:55:00,56.62,100,46.33,19.07,9.089,0.0,33.97,119,True,[],2025-11-13 11:09:24.612478,petrol,0.061500615006150054,7.78
T000330,A000137,d0171,v0028,R000501,2025-11-15 18:00:00,2025-11-15 19:31:00,45.0,91,58.34,12.38,10.989,26.385,29.67,117,False,[],2025-11-13 11:09:24.613702,diesel,0.05875440658049354,10.554
T000331,A000332,d0155,v0099,R000832,2025-11-17 18:45:00,2025-11-17 18:48:00,2.21,3,22.04,32.33,0.229,0.5525,44.2,4,False,[],2025-11-13 11:09:24.614950,petrol,0.05558643690939411,0.221
T000332,A000391,d0056,v0076,R000441,2025-11-18 09:30:00,2025-11-18 12:13:00,39.27,163,25.63,37.64,4.532,11.8525,14.46,113,False,[],2025-11-13 11:09:24.616208,cng,0.06666666666666667,4.741
T000333,A000071,d0092,v0120,R000516,2025-11-15 01:30:00,2025-11-15 03:00:00,52.29,90,55.68,18.44,10.558,33.2475,34.86,141,False,[],2025-11-13 11:09:24.617482,cng,0.05350454788657035,13.299
T000334,A000293,d0133,v0063,R000314,2025-11-17 09:00:00,2025-11-17 09:13:00,6.6,13,55.99,35.36,0.675,1.7399999999999998,30.46,10,False,[],2025-11-13 11:09:24.618711,diesel,0.08176614881439084,0.696
T000335,A000186,d0014,v0109,R000953,2025-11-16 06:15:00,2025-11-16 07:34:00,29.63,79,30.67,20.13,8.567,23.675,22.5,57,False,[],2025-11-13 11:09:24.619936,cng,0.07867820613690008,9.47
T000336,A000163,d0079,v0144,R000326,2025-11-16 00:30:00,2025-11-16 01:13:00,35.03,43,55.82,37.48,7.328,14.219999999999999,48.88,98,False,[],2025-11-13 11:09:24.621244,cng,0.0547945205479452,5.688
T000337,A000344,d0081,v0058,R000877,2025-11-17 21:45:00,2025-11-17 22:21:00,13.0,36,52.67,32.99,1.866,5.324999999999999,21.67,32,False,[],2025-11-13 11:09:24.622556,petrol,0.05414185165132648,2.13
T000338,A000410,d0167,v0059,R001063,2025-11-18 14:15:00,2025-11-18 14:37:00,6.4,22,53.39,19.96,0.762,1.9125,17.45,10,False,[],2025-11-13 11:09:24.623811,petrol,0.06261740763932373,0.765
T000339,A000318,d0060,v0021,R000057,2025-11-17 15:15:00,2025-11-17 15:44:00,15.68,29,52.36,14.2,1.996,4.32,32.44,30,False,[],2025-11-13 11:09:24.625060,cng,0.053134962805526036,1.728
T000340,A000411,d0026,v0085,R000453,2025-11-18 14:30:00,2025-11-18 16:26:00,55.83,116,25.03,32.94,5.26,15.405,28.88,74,False,[],2025-11-13 11:09:24.626275,petrol,0.05068423720223011,6.162
T000341,A000346,d0192,v0023,R000644,2025-11-17 22:15:00,2025-11-18 00:27:00,49.49,132,32.89,15.98,13.778,33.83,22.5,52,False,[],2025-11-13 11:09:24.627604,petrol,0.07535795026375283,13.532
T000342,A000277,d0157,v0146,R000370,2025-11-17 05:00:00,2025-11-17 05:37:00,16.58,37,33.74,39.23,3.619,10.5275,26.89,39,False,[],2025-11-13 11:09:24.629443,petrol,0.054229934924078085,4.211
T000343,A000185,d0039,v0059,R000402,2025-11-16 06:00:00,2025-11-16 06:28:00,11.26,28,55.12,33.21,2.31,4.54,24.13,2,False,[],2025-11-13 11:09:24.631316,petrol,0.06261740763932373,1.816
T000344,A000313,d0199,v0025,R000963,2025-11-17 14:00:00,2025-11-17 15:03:00,34.31,63,30.86,25.01,9.056,22.93,32.68,96,False,[],2025-11-13 11:09:24.633027,diesel,0.07656967840735068,9.172
T000345,A000454,d0007,v0041,R000429,2025-11-19 01:15:00,2025-11-19 01:40:00,11.13,25,24.39,23.66,2.688,7.67,26.71,3,False,[],2025-11-13 11:09:24.634667,diesel,0.07122507122507123,3.068
T000346,A000242,d0006,v0123,R000644,2025-11-16 20:15:00,2025-11-16 22:56:00,49.49,161,49.49,21.27,5.714,12.037500000000001,18.44,52,False,[],2025-11-13 11:09:24.636450,diesel,0.054884742041712405,4.815
T000347,A000489,d0109,v0083,R001170,2025-11-19 10:00:00,2025-11-19 11:46:00,42.12,106,59.94,39.75,8.25,18.0075,23.84,22,False,[],2025-11-13 11:09:24.638277,petrol,0.08090614886731393,7.203
T000348,A000045,d0070,v0034,R000239,2025-11-14 19:00:00,2025-11-14 19:53:00,37.0,53,59.01,24.46,8.654,18.494999999999997,41.89,8,False,[],2025-11-13 11:09:24.640018,petrol,0.06230529595015576,7.398
T000349,A000125,d0169,v0108,R000426,2025-11-15 15:00:00,2025-11-15 16:21:00,56.08,81,54.09,32.95,23.159,68.89,41.54,162,False,[],2025-11-13 11:09:24.641802,cng,0.07434944237918216,27.556
T000350,A000199,d0090,v0068,R000549,2025-11-16 09:30:00,2025-11-16 09:34:00,3.17,4,27.75,11.88,0.566,1.4825,47.55,9,False,[],2025-11-13 11:09:24.643593,diesel,0.06788866259334692,0.593
T000351,A000212,d0077,v0024,R000737,2025-11-16 12:45:00,2025-11-16 14:00:00,25.41,75,51.39,38.66,1.842,4.575,20.33,46,False,[],2025-11-13 11:09:24.645440,petrol,0.058823529411764705,1.83
T000352,A000068,d0102,v0140,R001070,2025-11-15 00:45:00,2025-11-15 02:08:00,24.4,83,59.38,36.88,3.101,6.284999999999999,17.64,11,False,[],2025-11-13 11:09:24.647159,petrol,0.0536480686695279,2.514
T000353,A000377,d0138,v0004,R000201,2025-11-18 06:00:00,2025-11-18 07:37:00,35.79,97,28.92,10.22,5.399,13.0325,22.14,72,False,[],2025-11-13 11:09:24.648922,petrol,0.07745933384972889,5.213
T000354,A000463,d0039,v0006,R000374,2025-11-19 03:30:00,2025-11-19 04:14:00,11.09,44,28.05,27.37,3.727,12.23,15.12,23,False,[],2025-11-13 11:09:24.650627,cng,0.07651109410864575,4.892
T000355,A000438,d0041,v0095,R001172,2025-11-18 21:15:00,2025-11-18 22:11:00,31.27,56,50.02,36.49,5.134,10.920000000000002,33.5,71,False,[],2025-11-13 11:09:24.652377,diesel,0.05178663904712585,4.368
T000356,A000016,d0126,v0113,R000153,2025-11-14 11:45:00,2025-11-14 14:36:00,44.34,171,39.65,34.27,10.276,24.605,15.56,70,False,[],2025-11-13 11:09:24.654229,petrol,0.07309941520467836,9.842
T000357,A000079,d0004,v0082,R000564,2025-11-15 03:30:00,2025-11-15 04:57:00,48.5,87,33.28,30.12,6.888,18.26,33.45,54,False,[],2025-11-13 11:09:24.656009,petrol,0.06341154090044389,7.304
T000358,A000141,d0138,v0105,R000020,2025-11-15 19:00:00,2025-11-15 22:08:00,42.41,188,57.15,10.43,8.154,18.0925,13.54,8,False,[],2025-11-13 11:09:24.657952,diesel,0.06195786864931846,7.237
T000359,A000422,d0021,v0097,R000002,2025-11-18 17:15:00,2025-11-18 19:05:00,50.39,110,36.13,32.18,5.989,12.805,27.49,132,False,[],2025-11-13 11:09:24.659749,diesel,0.06389776357827476,5.122
T000360,A000060,d0042,v0074,R000157,2025-11-14 22:45:00,2025-11-14 23:41:00,32.3,56,56.78,15.37,4.207,8.67,34.61,85,False,[],2025-11-13 11:09:24.661582,cng,0.0576036866359447,3.468
T000361,A000174,d0048,v0137,R000983,2025-11-16 03:15:00,2025-11-16 05:58:00,49.07,163,57.01,12.34,26.631,52.4175,18.06,103,False,[],2025-11-13 11:09:24.663324,diesel,0.06565988181221273,20.967
T000362,A000205,d0084,v0062,R000720,2025-11-16 11:00:00,2025-11-16 11:55:00,25.46,55,43.49,15.55,2.076,5.445,27.77,10,False,[],2025-11-13 11:09:24.665143,petrol,0.06313131313131314,2.178
T000363,A000264,d0025,v0028,R000219,2025-11-17 01:45:00,2025-11-17 03:57:00,54.75,132,58.74,13.49,10.963,23.685000000000002,24.89,63,False,[],2025-11-13 11:09:24.666808,diesel,0.05875440658049354,9.474
T000364,A000331,d0091,v0055,R000105,2025-11-17 18:30:00,2025-11-17 18:56:00,11.74,26,59.78,33.69,2.723,5.9775,27.09,9,False,[],2025-11-13 11:09:24.668607,petrol,0.05387931034482759,2.391
T000365,A000074,d0036,v0017,R000389,2025-11-15 02:15:00,2025-11-15 02:38:00,12.92,23,25.89,16.3,1.374,3.005,33.7,6,False,[],2025-11-13 11:09:24.670404,diesel,0.05652911249293386,1.202
T000366,A000460,d0184,v0063,R000851,2025-11-19 02:45:00,2025-11-19 04:15:00,51.03,90,25.02,27.2,5.705,15.834999999999999,34.02,152,False,[],2025-11-13 11:09:24.672187,diesel,0.08176614881439084,6.334
T000367,A000425,d0182,v0121,R000453,2025-11-18 18:00:00,2025-11-18 20:14:00,55.83,134,42.8,28.09,6.29,14.9625,25.0,74,False,[],2025-11-13 11:09:24.673980,diesel,0.056947608200455586,5.985
T000368,A000351,d0140,v0022,R000236,2025-11-17 23:30:00,2025-11-18 01:10:00,28.51,100,49.96,15.65,5.072,12.64,17.11,29,False,[],2025-11-13 11:09:24.675746,diesel,0.05144032921810699,5.056
T000369,A000111,d0046,v0001,R000758,2025-11-15 11:30:00,2025-11-15 13:30:00,39.84,120,31.03,30.29,6.026,17.925,19.92,57,False,[],2025-11-13 11:09:24.677540,cng,0.07530120481927711,7.17
T000370,A000253,d0019,v0127,R000264,2025-11-16 23:00:00,2025-11-16 23:35:00,23.52,35,24.0,12.71,4.275,8.8575,40.32,2,False,[],2025-11-13 11:09:24.679342,diesel,0.07836990595611286,3.543
T000371,A000135,d0148,v0020,R001194,2025-11-15 17:30:00,2025-11-15 18:39:00,39.14,69,29.93,19.93,4.898,12.91,34.03,97,False,[],2025-11-13 11:09:24.680985,cng,0.06587615283267458,5.164
T000372,A000134,d0029,v0017,R000350,2025-11-15 17:15:00,2025-11-15 18:21:00,29.08,66,44.32,18.91,2.433,6.23,26.44,33,False,[],2025-11-13 11:09:24.682611,diesel,0.05652911249293386,2.492
T000373,A000103,d0133,v0101,R000303,2025-11-15 09:30:00,2025-11-15 09:53:00,19.03,23,26.76,12.69,1.975,4.327500000000001,49.64,3,False,[],2025-11-13 11:09:24.684472,petrol,0.05184033177812338,1.731
T000374,A000006,d0151,v0042,R000169,2025-11-14 09:15:00,2025-11-14 10:46:00,45.18,91,44.81,14.79,9.092,20.2,29.79,104,False,[],2025-11-13 11:09:24.686269,diesel,0.08084074373484236,8.08
T000375,A000312,d0035,v0025,R000457,2025-11-17 13:45:00,2025-11-17 14:16:00,20.65,31,47.2,23.63,7.576,18.3325,39.97,5,False,[],2025-11-13 11:09:24.687931,diesel,0.07656967840735068,7.333
T000376,A000043,d0092,v0135,R000135,2025-11-14 18:30:00,2025-11-14 20:10:00,53.84,100,59.01,24.05,9.591,24.9625,32.3,131,False,[],2025-11-13 11:09:24.689199,petrol,0.07178750897343862,9.985
T000377,A000097,d0146,v0102,R000918,2025-11-15 08:00:00,2025-11-15 09:41:00,58.12,101,38.23,13.34,10.141,24.11,34.53,164,False,[],2025-11-13 11:09:24.690253,cng,0.07042253521126761,9.644
T000378,A000469,d0186,v0134,R000235,2025-11-19 05:00:00,2025-11-19 05:43:00,24.36,43,26.22,34.02,4.494,11.06,33.99,41,False,[],2025-11-13 11:09:24.691300,cng,0.08038585209003216,4.424
T000379,A000316,d0017,v0060,R000718,2025-11-17 14:45:00,2025-11-17 15:43:00,21.98,58,52.3,18.96,4.569,12.3325,22.74,22,False,[],2025-11-13 11:09:24.692405,cng,0.058997050147492625,4.933
T000380,A000051,d0086,v0049,R001134,2025-11-14 20:30:00,2025-11-14 20:42:00,7.76,12,23.13,35.94,3.378,8.8475,38.8,21,False,[],2025-11-13 11:09:24.693490,diesel,0.08097165991902834,3.539
T000381,A000093,d0166,v0102,R000346,2025-11-15 07:00:00,2025-11-15 07:35:00,28.0,35,41.37,33.36,2.889,7.05,48.0,66,False,[],2025-11-13 11:09:24.694547,cng,0.07042253521126761,2.82
T000382,A000182,d0064,v0026,R001103,2025-11-16 05:15:00,2025-11-16 08:07:00,57.56,172,47.68,26.85,17.912,38.9675,20.08,49,False,[],2025-11-13 11:09:24.695593,diesel,0.0632111251580278,15.587
T000383,A000240,d0191,v0037,R000360,2025-11-16 19:45:00,2025-11-16 19:59:00,9.63,14,29.69,16.07,1.371,3.5549999999999997,41.27,15,False,[],2025-11-13 11:09:24.696740,diesel,0.06397952655150352,1.422
T000384,A000204,d0064,v0062,R001195,2025-11-16 10:45:00,2025-11-16 11:34:00,16.07,49,57.71,10.83,2.055,4.6274999999999995,19.68,28,False,[],2025-11-13 11:09:24.697890,petrol,0.06313131313131314,1.851
T000385,A000153,d0049,v0023,R000656,2025-11-15 22:00:00,2025-11-15 22:55:00,17.71,55,30.11,37.26,2.735,7.1975,19.32,48,False,[],2025-11-13 11:09:24.699046,petrol,0.07535795026375283,2.879
T000386,A000119,d0088,v0107,R001096,2025-11-15 13:30:00,2025-11-15 15:37:00,58.92,127,37.83,37.36,9.655,21.435,27.84,37,False,[],2025-11-13 11:09:24.700191,cng,0.0564652738565782,8.574
T000387,A000490,d0156,v0144,R000744,2025-11-19 10:15:00,2025-11-19 11:10:00,29.07,55,20.59,34.59,6.906,14.0275,31.71,49,False,[],2025-11-13 11:09:24.701374,cng,0.0547945205479452,5.611
T000388,A000363,d0088,v0004,R000955,2025-11-18 02:30:00,2025-11-18 03:37:00,24.47,67,52.46,16.43,4.355,8.557500000000001,21.91,57,False,[],2025-11-13 11:09:24.702494,petrol,0.07745933384972889,3.423
T000389,A000003,d0080,v0088,R000235,2025-11-14 08:30:00,2025-11-14 09:16:00,24.36,46,27.08,31.5,2.155,4.91,31.77,41,False,[],2025-11-13 11:09:24.703654,petrol,0.06868131868131867,1.964
T000390,A000339,d0027,v0115,R000510,2025-11-17 20:30:00,2025-11-17 22:05:00,50.57,95,49.44,14.63,11.176,21.1575,31.94,151,False,[],2025-11-13 11:09:24.705282,cng,0.07396449704142012,8.463
T000391,A000214,d0163,v0113,R000577,2025-11-16 13:15:00,2025-11-16 14:34:00,30.31,79,26.71,22.17,4.254,8.89,23.02,5,False,[],2025-11-13 11:09:24.707066,petrol,0.07309941520467836,3.556
T000392,A000107,d0003,v0052,R000056,2025-11-15 10:30:00,2025-11-15 12:06:00,38.88,96,27.43,21.71,19.435,45.5425,24.3,34,False,[],2025-11-13 11:09:24.708565,cng,0.07770007770007771,18.217
T000393,A000367,d0184,v0064,R001099,2025-11-18 03:30:00,2025-11-18 06:05:00,59.06,155,22.7,19.72,12.835,30.485000000000003,22.86,103,False,[],2025-11-13 11:09:24.709749,diesel,0.078125,12.194
T000394,A000026,d0168,v0067,R001058,2025-11-14 14:15:00,2025-11-14 15:38:00,39.75,83,23.93,15.09,10.911,26.18,28.73,12,False,[],2025-11-13 11:09:24.710900,diesel,0.06281407035175879,10.472
T000395,A000099,d0080,v0081,R001079,2025-11-15 08:30:00,2025-11-15 09:34:00,27.32,64,21.93,38.77,5.044,11.9675,25.61,9,False,[],2025-11-13 11:09:24.712022,cng,0.05952380952380952,4.787
T000396,A000189,d0110,v0132,R000797,2025-11-16 07:00:00,2025-11-16 07:08:00,3.04,8,22.93,29.46,0.405,1.0525,22.8,6,False,[],2025-11-13 11:09:24.713228,cng,0.0617283950617284,0.421
T000397,A000384,d0026,v0061,R000417,2025-11-18 07:45:00,2025-11-18 08:50:00,30.33,65,27.97,18.73,2.409,7.415000000000001,28.0,50,False,[],2025-11-13 11:09:24.714346,diesel,0.06514657980456026,2.966
T000398,A000221,d0009,v0120,R000692,2025-11-16 15:00:00,2025-11-16 17:30:00,47.08,150,53.84,34.23,10.195,22.5975,18.83,57,False,[],2025-11-13 11:09:24.715467,cng,0.05350454788657035,9.039
T000399,A000471,d0200,v0054,R000417,2025-11-19 05:30:00,2025-11-19 06:21:00,30.33,51,32.39,26.4,6.071,12.424999999999999,35.68,50,False,[],2025-11-13 11:09:24.716692,diesel,0.05350454788657035,4.97
T000400,A000052,d0045,v0102,R000827,2025-11-14 20:45:00,2025-11-14 21:33:00,32.29,48,34.16,19.86,4.212,11.455,40.36,27,False,[],2025-11-13 11:09:24.717801,cng,0.07042253521126761,4.582
